Sales Person,Country,Product,Date,Amount,Boxes Shipped,Day,Month
Jehu Rudeforth,UK,Mint Chip Choco,04-Jan-22,"5,320",180,TUE,JAN
Van Tuxwell,India,85% Dark Bars,01-Aug-22,"7,896",94,MON,AUG
Gigi Bohling,India,Peanut Butter Cubes,07-Jul-22,"4,501",91,THU,JUL
Jan Morforth,Australia,Peanut Butter Cubes,27-Apr-22,"12,726",342,WED,APR
Jehu Rudeforth,UK,Peanut Butter Cubes,24-Feb-22,"13,685",184,THU,FEB
Van Tuxwell,India,Smooth Sliky Salty,06-Jun-22,"5,376",38,MON,JUN
Oby Sorrel,UK,99% Dark & Pure,25-Jan-22,"13,685",176,TUE,JAN
Gunar Cockshoot,Australia,After Nines,24-Mar-22,"3,080",73,THU,MAR
Jehu Rudeforth,New Zealand,50% Dark Bites,20-Apr-22,"3,990",59,WED,APR
Brien Boise,Australia,99% Dark & Pure,04-Jul-22,"2,835",102,MON,JUL
Rafaelita Blaksland,UK,Smooth Sliky Salty,13-Jan-22,"4,704",62,THU,JAN
Barr Faughny,USA,Orange Choco,10-Mar-22,"3,703",11,THU,MAR
Mallorie Waber,Canada,Eclairs,13-Jan-22,"1,442",286,THU,JAN
Karlen McCaffrey,New Zealand,Drinking Coco,28-Jul-22,168,156,THU,JUL
Marney O'Breen,New Zealand,Peanut Butter Cubes,03-Aug-22,"8,379",173,WED,AUG
Beverie Moffet,Australia,Organic Choco Syrup,26-Jan-22,"6,790",356,WED,JAN
Van Tuxwell,Canada,Organic Choco Syrup,14-Feb-22,"4,067",42,MON,FEB
Roddy Speechley,USA,Smooth Sliky Salty,05-Apr-22,"3,017",140,TUE,APR
Beverie Moffet,Canada,Milk Bars,16-Feb-22,"8,799",250,WED,FEB
Curtice Advani,UK,85% Dark Bars,08-Jun-22,"1,085",172,WED,JUN
Brien Boise,Australia,Eclairs,27-Jun-22,"6,888",88,MON,JUN
Gunar Cockshoot,USA,Spicy Special Slims,17-Feb-22,"1,267",157,THU,FEB
Marney O'Breen,USA,After Nines,30-May-22,"4,753",163,MON,MAY
Husein Augar,UK,Drinking Coco,14-Mar-22,"3,003",113,MON,MAR
Kaine Padly,Australia,Eclairs,28-Feb-22,"7,672",115,MON,FEB
Karlen McCaffrey,India,Fruit & Nut Bars,26-Jan-22,168,321,WED,JAN
Roddy Speechley,Canada,Spicy Special Slims,09-Feb-22,"1,652",186,WED,FEB
Husein Augar,USA,Eclairs,07-Jul-22,"4,025",112,THU,JUL
Dennison Crosswaite,New Zealand,White Choc,05-Jul-22,"9,492",151,TUE,JUL
Dennison Crosswaite,New Zealand,Manuka Honey Choco,15-Jun-22,"5,061",301,WED,JUN
Van Tuxwell,New Zealand,85% Dark Bars,24-May-22,"1,722",121,TUE,MAY
Rafaelita Blaksland,UK,99% Dark & Pure,29-Jun-22,"12,446",150,WED,JUN
Wilone O'Kielt,Australia,Manuka Honey Choco,11-May-22,"4,284",94,WED,MAY
Karlen McCaffrey,UK,Almond Choco,30-Jun-22,"6,839",133,THU,JUN
Andria Kimpton,Canada,After Nines,11-May-22,"2,163",70,WED,MAY
Roddy Speechley,USA,Manuka Honey Choco,22-Jul-22,"9,583",315,FRI,JUL
Andria Kimpton,UK,50% Dark Bites,24-Aug-22,"2,653",314,WED,AUG
Kelci Walkden,New Zealand,After Nines,07-Jul-22,147,72,THU,JUL
Camilla Castle,Australia,85% Dark Bars,19-May-22,"3,654",14,THU,MAY
Karlen McCaffrey,India,Manuka Honey Choco,04-Jul-22,"2,443",581,MON,JUL
Kelci Walkden,USA,After Nines,02-Jun-22,938,16,THU,JUN
Karlen McCaffrey,USA,Raspberry Choco,15-Apr-22,"14,749",354,FRI,APR
Mallorie Waber,Canada,Choco Coated Almonds,11-Jul-22,"4,781",241,MON,JUL
Andria Kimpton,India,Spicy Special Slims,23-Feb-22,"6,307",142,WED,FEB
Madelene Upcott,Canada,Almond Choco,22-Aug-22,"7,602",102,MON,AUG
Kaine Padly,USA,Peanut Butter Cubes,16-Feb-22,"6,790",188,WED,FEB
Van Tuxwell,USA,50% Dark Bites,13-Jan-22,"9,737",160,THU,JAN
Curtice Advani,Australia,Milk Bars,14-Feb-22,"6,979",18,MON,FEB
Roddy Speechley,India,Eclairs,10-Jun-22,"4,382",303,FRI,JUN
Curtice Advani,India,Fruit & Nut Bars,07-Jul-22,"5,243",176,THU,JUL
Curtice Advani,Canada,Almond Choco,24-Mar-22,"4,865",70,THU,MAR
Brien Boise,Australia,Fruit & Nut Bars,06-Jun-22,"8,575",23,MON,JUN
Dotty Strutley,Australia,Drinking Coco,19-Jul-22,91,135,TUE,JUL
Beverie Moffet,USA,Raspberry Choco,19-Apr-22,"14,798",83,TUE,APR
Marney O'Breen,India,85% Dark Bars,19-Jul-22,"2,205",179,TUE,JUL
Jehu Rudeforth,Canada,Drinking Coco,15-Jul-22,441,24,FRI,JUL
Ches Bonnell,New Zealand,Spicy Special Slims,14-Feb-22,"3,556",18,MON,FEB
Brien Boise,Canada,99% Dark & Pure,18-May-22,"16,793",416,WED,MAY
Barr Faughny,Australia,Fruit & Nut Bars,30-Jun-22,"15,421",55,THU,JUN
Andria Kimpton,Australia,50% Dark Bites,02-Jun-22,"4,438",227,THU,JUN
Andria Kimpton,Australia,Drinking Coco,28-Jun-22,"1,603",48,TUE,JUN
Marney O'Breen,Australia,Organic Choco Syrup,16-May-22,273,174,MON,MAY
Kelci Walkden,Canada,Baker's Choco Chips,26-May-22,"3,073",302,THU,MAY
Karlen McCaffrey,India,Almond Choco,06-Jul-22,"6,090",149,WED,JUL
Oby Sorrel,India,99% Dark & Pure,27-May-22,"10,255",11,FRI,MAY
Wilone O'Kielt,Australia,Caramel Stuffed Bars,14-Apr-22,"2,030",11,THU,APR
Van Tuxwell,Australia,Organic Choco Syrup,10-Aug-22,"19,453",14,WED,AUG
Camilla Castle,India,50% Dark Bites,04-Jul-22,"9,275",411,MON,JUL
Oby Sorrel,India,Organic Choco Syrup,08-Jul-22,"6,181",56,FRI,JUL
Jan Morforth,USA,Peanut Butter Cubes,22-Jul-22,"9,037",102,FRI,JUL
Gigi Bohling,USA,Choco Coated Almonds,02-Mar-22,"12,313",103,WED,MAR
Gigi Bohling,UK,Almond Choco,10-Jan-22,"5,642",9,MON,JAN
Jehu Rudeforth,New Zealand,White Choc,11-Mar-22,"2,800",241,FRI,MAR
Andria Kimpton,New Zealand,Peanut Butter Cubes,20-Jun-22,959,265,MON,JUN
Van Tuxwell,UK,Organic Choco Syrup,26-Aug-22,"2,002",214,FRI,AUG
Roddy Speechley,Canada,Milk Bars,13-Jul-22,609,32,WED,JUL
Camilla Castle,USA,Spicy Special Slims,11-Feb-22,"1,274",244,FRI,FEB
Marney O'Breen,USA,Orange Choco,27-Jan-22,"7,595",181,THU,JAN
Van Tuxwell,UK,99% Dark & Pure,31-Jan-22,"4,725",137,MON,JAN
Camilla Castle,USA,White Choc,18-Aug-22,"9,681",24,THU,AUG
Andria Kimpton,USA,Raspberry Choco,30-Jun-22,"14,504",21,THU,JUN
Dotty Strutley,Australia,Fruit & Nut Bars,23-Aug-22,280,311,TUE,AUG
Brien Boise,New Zealand,Mint Chip Choco,01-Aug-22,63,181,MON,AUG
Roddy Speechley,New Zealand,After Nines,25-May-22,"8,001",10,WED,MAY
Roddy Speechley,Canada,Organic Choco Syrup,10-Jan-22,"4,032",82,MON,JAN
Dennison Crosswaite,Australia,70% Dark Bites,07-Feb-22,"5,859",108,MON,FEB
Karlen McCaffrey,USA,Orange Choco,12-May-22,"11,095",401,THU,MAY
Madelene Upcott,Australia,Spicy Special Slims,07-Mar-22,"7,182",408,MON,MAR
Dennison Crosswaite,Australia,85% Dark Bars,05-Apr-22,"6,881",420,TUE,APR
Andria Kimpton,Canada,Caramel Stuffed Bars,03-Jan-22,"7,154",348,MON,JAN
Dennison Crosswaite,UK,Eclairs,24-Mar-22,"6,188",270,THU,MAR
Madelene Upcott,India,Raspberry Choco,07-Jul-22,"4,221",9,THU,JUL
Van Tuxwell,USA,After Nines,26-Jul-22,630,264,TUE,JUL
Wilone O'Kielt,Australia,Organic Choco Syrup,07-Jul-22,"1,743",111,THU,JUL
Karlen McCaffrey,Canada,50% Dark Bites,15-Jul-22,"2,919",65,FRI,JUL
Roddy Speechley,New Zealand,Orange Choco,01-Apr-22,49,97,FRI,APR
Beverie Moffet,Australia,Eclairs,20-Jun-22,"1,827",6,MON,JUN
Kelci Walkden,UK,Fruit & Nut Bars,29-Jun-22,"13,006",482,WED,JUN
Marney O'Breen,USA,50% Dark Bites,15-Jun-22,"1,064",106,WED,JUN
Husein Augar,USA,After Nines,08-Apr-22,"11,571",180,FRI,APR
Dennison Crosswaite,Australia,Raspberry Choco,14-Mar-22,"5,740",31,MON,MAR
Andria Kimpton,USA,Fruit & Nut Bars,15-Jul-22,"1,456",359,FRI,JUL
Kelci Walkden,India,Eclairs,19-Apr-22,"5,334",80,TUE,APR
Marney O'Breen,USA,99% Dark & Pure,28-Mar-22,"4,151",296,MON,MAR
Brien Boise,Canada,Spicy Special Slims,04-Mar-22,"8,106",101,FRI,MAR
Karlen McCaffrey,New Zealand,70% Dark Bites,02-Aug-22,126,40,TUE,AUG
Husein Augar,UK,Spicy Special Slims,25-Aug-22,"4,697",42,THU,AUG
Marney O'Breen,USA,Almond Choco,25-Feb-22,"7,798",167,FRI,FEB
Kelci Walkden,India,Orange Choco,07-Jun-22,"9,408",138,TUE,JUN
Jan Morforth,India,Spicy Special Slims,12-Apr-22,"1,939",520,TUE,APR
Ches Bonnell,India,Spicy Special Slims,06-Jul-22,"10,906",94,WED,JUL
Kelci Walkden,UK,Smooth Sliky Salty,19-Jan-22,"5,929",175,WED,JAN
Madelene Upcott,Australia,Fruit & Nut Bars,05-Jan-22,"5,579",92,WED,JAN
Madelene Upcott,Canada,70% Dark Bites,24-Jan-22,"10,927",141,MON,JAN
Wilone O'Kielt,Australia,Drinking Coco,06-Apr-22,623,283,WED,APR
Gunar Cockshoot,Australia,Fruit & Nut Bars,15-Jun-22,"6,013",21,WED,JUN
Gigi Bohling,Canada,Baker's Choco Chips,28-Jan-22,"1,505",47,FRI,JAN
Kelci Walkden,India,Caramel Stuffed Bars,16-Mar-22,476,125,WED,MAR
Rafaelita Blaksland,Australia,Drinking Coco,21-Feb-22,"11,550",396,MON,FEB
Kelci Walkden,USA,Manuka Honey Choco,16-Feb-22,"17,318",87,WED,FEB
Jehu Rudeforth,Canada,Spicy Special Slims,13-Jan-22,"1,848",27,THU,JAN
Kelci Walkden,Australia,Eclairs,23-Mar-22,"7,273",547,WED,MAR
Curtice Advani,Canada,Spicy Special Slims,16-Jun-22,854,118,THU,JUN
Oby Sorrel,India,Raspberry Choco,14-Apr-22,"6,832",46,THU,APR
Kelci Walkden,UK,Eclairs,25-Jan-22,"4,606",57,TUE,JAN
Jan Morforth,India,Almond Choco,11-Mar-22,"4,466",22,FRI,MAR
Dotty Strutley,UK,Almond Choco,28-Jul-22,"16,114",96,THU,JUL
Marney O'Breen,New Zealand,After Nines,09-Mar-22,"1,561",44,WED,MAR
Husein Augar,Australia,Orange Choco,28-Jun-22,"8,897",188,TUE,JUN
Marney O'Breen,Australia,Milk Bars,28-Jul-22,"2,464",387,THU,JUL
Kelci Walkden,Canada,99% Dark & Pure,15-Aug-22,"4,830",50,MON,AUG
Kaine Padly,Australia,Manuka Honey Choco,12-Jan-22,"2,765",264,WED,JAN
Beverie Moffet,New Zealand,White Choc,24-Mar-22,"7,126",7,THU,MAR
Van Tuxwell,UK,Milk Bars,25-Jul-22,"4,263",90,MON,JUL
Oby Sorrel,Canada,99% Dark & Pure,01-Aug-22,"3,605",403,MON,AUG
Van Tuxwell,India,Organic Choco Syrup,16-May-22,"19,929",174,MON,MAY
Roddy Speechley,India,Smooth Sliky Salty,10-Aug-22,"5,103",140,WED,AUG
Jan Morforth,India,Eclairs,05-Jan-22,"2,541",27,WED,JAN
Ches Bonnell,UK,Smooth Sliky Salty,11-Jul-22,"5,663",110,MON,JUL
Wilone O'Kielt,USA,After Nines,25-Apr-22,392,30,MON,APR
Gigi Bohling,New Zealand,Fruit & Nut Bars,04-Apr-22,"10,976",121,MON,APR
Barr Faughny,USA,Raspberry Choco,12-Apr-22,"9,282",101,TUE,APR
Wilone O'Kielt,New Zealand,85% Dark Bars,02-Aug-22,"1,827",117,TUE,AUG
Gigi Bohling,New Zealand,Manuka Honey Choco,28-Jun-22,"8,267",272,TUE,JUN
Ches Bonnell,Australia,Eclairs,05-Jul-22,"4,116",128,TUE,JUL
Rafaelita Blaksland,New Zealand,Choco Coated Almonds,07-Jun-22,"2,093",45,TUE,JUN
Brien Boise,New Zealand,Smooth Sliky Salty,18-Jan-22,"1,015",27,TUE,JAN
Brien Boise,Australia,Baker's Choco Chips,04-Jan-22,"12,516",212,TUE,JAN
Dennison Crosswaite,Australia,99% Dark & Pure,31-Jan-22,"2,758",18,MON,JAN
Kelci Walkden,India,Almond Choco,14-Mar-22,"3,297",149,MON,MAR
Camilla Castle,Australia,70% Dark Bites,29-Apr-22,"6,048",477,FRI,APR
Oby Sorrel,India,Smooth Sliky Salty,07-Feb-22,"10,101",108,MON,FEB
Kaine Padly,UK,Organic Choco Syrup,31-Mar-22,"2,282",178,THU,MAR
Marney O'Breen,India,Caramel Stuffed Bars,16-Mar-22,"4,361",81,WED,MAR
Karlen McCaffrey,UK,Eclairs,25-Jan-22,"7,798",196,TUE,JAN
Van Tuxwell,India,Baker's Choco Chips,20-Jun-22,"3,052",447,MON,JUN
Gigi Bohling,UK,After Nines,29-Mar-22,"8,029",175,TUE,MAR
Curtice Advani,Australia,Orange Choco,12-Jul-22,854,136,TUE,JUL
Jehu Rudeforth,Canada,Smooth Sliky Salty,11-Jul-22,"5,460",138,MON,JUL
Karlen McCaffrey,Canada,Smooth Sliky Salty,19-Jan-22,"3,017",184,WED,JAN
Andria Kimpton,USA,85% Dark Bars,05-Apr-22,"8,911",82,TUE,APR
Jehu Rudeforth,Canada,Milk Bars,21-Feb-22,"7,203",12,MON,FEB
Rafaelita Blaksland,New Zealand,Caramel Stuffed Bars,20-May-22,"13,083",14,FRI,MAY
Mallorie Waber,Australia,Milk Bars,29-Jul-22,"2,779",104,FRI,JUL
Barr Faughny,USA,Fruit & Nut Bars,28-Jan-22,"9,058",46,FRI,JAN
Marney O'Breen,UK,Caramel Stuffed Bars,19-Jul-22,"3,549",112,TUE,JUL
Mallorie Waber,New Zealand,Manuka Honey Choco,13-Apr-22,"9,436",11,WED,APR
Roddy Speechley,India,Peanut Butter Cubes,11-Feb-22,"10,283",21,FRI,FEB
Roddy Speechley,New Zealand,Milk Bars,02-Mar-22,"5,446",116,WED,MAR
Ches Bonnell,Australia,White Choc,02-Mar-22,"1,043",202,WED,MAR
Van Tuxwell,USA,99% Dark & Pure,28-Jul-22,"12,586",6,THU,JUL
Kelci Walkden,India,After Nines,07-Jan-22,"1,687",520,FRI,JAN
Brien Boise,UK,White Choc,12-Apr-22,"5,299",167,TUE,APR
Van Tuxwell,Canada,Almond Choco,27-Jun-22,"3,213",72,MON,JUN
Jehu Rudeforth,Australia,50% Dark Bites,14-Jan-22,"5,194",418,FRI,JAN
Karlen McCaffrey,UK,Baker's Choco Chips,07-Feb-22,"4,753",389,MON,FEB
Jehu Rudeforth,Australia,Orange Choco,23-Mar-22,"13,706",26,WED,MAR
Marney O'Breen,India,Peanut Butter Cubes,10-Jan-22,"6,489",146,MON,JAN
Oby Sorrel,UK,Choco Coated Almonds,17-Mar-22,"9,324",41,THU,MAR
Gigi Bohling,USA,Spicy Special Slims,21-Jan-22,"10,829",54,FRI,JAN
Barr Faughny,Australia,White Choc,04-Jul-22,"8,113",370,MON,JUL
Kaine Padly,Canada,Peanut Butter Cubes,04-Jul-22,"3,269",176,MON,JUL
Dotty Strutley,USA,Manuka Honey Choco,10-Aug-22,273,210,WED,AUG
Dennison Crosswaite,Australia,50% Dark Bites,01-Apr-22,"7,287",12,FRI,APR
Gigi Bohling,India,Raspberry Choco,22-Feb-22,"2,583",159,TUE,FEB
Camilla Castle,UK,White Choc,03-Jan-22,"9,982",187,MON,JAN
Karlen McCaffrey,India,Drinking Coco,31-May-22,"4,795",233,TUE,MAY
Dotty Strutley,UK,99% Dark & Pure,03-Jan-22,"9,310",282,MON,JAN
Husein Augar,New Zealand,Caramel Stuffed Bars,27-Jan-22,497,475,THU,JAN
Barr Faughny,UK,50% Dark Bites,28-Jan-22,581,65,FRI,JAN
Curtice Advani,Australia,Organic Choco Syrup,28-Jun-22,"3,472",311,TUE,JUN
Husein Augar,UK,Choco Coated Almonds,02-Mar-22,"4,333",43,WED,MAR
Wilone O'Kielt,Australia,After Nines,27-May-22,"3,325",26,FRI,MAY
Dennison Crosswaite,USA,Almond Choco,30-Jun-22,"11,718",84,THU,JUN
Barr Faughny,Canada,Peanut Butter Cubes,07-Jun-22,"2,100",78,TUE,JUN
Kaine Padly,USA,70% Dark Bites,12-May-22,"4,018",100,THU,MAY
Barr Faughny,New Zealand,Raspberry Choco,29-Jul-22,"6,468",66,FRI,JUL
Dennison Crosswaite,UK,White Choc,03-Aug-22,"7,238",265,WED,AUG
Barr Faughny,India,Baker's Choco Chips,18-Aug-22,"6,454",141,THU,AUG
Van Tuxwell,New Zealand,Smooth Sliky Salty,14-Jun-22,"3,115",42,TUE,JUN
Beverie Moffet,UK,White Choc,30-Jun-22,"6,475",76,THU,JUN
Camilla Castle,New Zealand,Mint Chip Choco,13-Jun-22,"1,162",190,MON,JUN
Ches Bonnell,UK,Orange Choco,27-Apr-22,"14,238",54,WED,APR
Jan Morforth,Australia,White Choc,27-Jul-22,"3,472",32,WED,JUL
Mallorie Waber,Canada,85% Dark Bars,20-Apr-22,"1,428",424,WED,APR
Rafaelita Blaksland,India,Spicy Special Slims,04-Jan-22,"8,064",134,TUE,JAN
Ches Bonnell,Australia,Mint Chip Choco,21-Feb-22,"9,660",92,MON,FEB
Karlen McCaffrey,Australia,White Choc,05-Jan-22,"7,357",48,WED,JAN
Beverie Moffet,India,Drinking Coco,15-Jul-22,"6,055",46,FRI,JUL
Brien Boise,Australia,Choco Coated Almonds,25-May-22,"5,124",62,WED,MAY
Karlen McCaffrey,Canada,Eclairs,20-Apr-22,"3,479",358,WED,APR
Gigi Bohling,USA,99% Dark & Pure,02-Jun-22,784,249,THU,JUN
Marney O'Breen,UK,Smooth Sliky Salty,13-May-22,"18,991",88,FRI,MAY
Beverie Moffet,New Zealand,Baker's Choco Chips,03-Aug-22,"1,372",144,WED,AUG
Beverie Moffet,Australia,Milk Bars,25-May-22,735,390,WED,MAY
Van Tuxwell,UK,Raspberry Choco,16-Mar-22,"6,538",79,WED,MAR
Jan Morforth,Australia,Orange Choco,04-Jul-22,"3,199",122,MON,JUL
Jehu Rudeforth,India,50% Dark Bites,05-Jul-22,"3,472",135,TUE,JUL
Madelene Upcott,USA,After Nines,15-Mar-22,"4,571",430,TUE,MAR
Barr Faughny,UK,Raspberry Choco,22-Aug-22,"5,481",69,MON,AUG
Ches Bonnell,Australia,70% Dark Bites,12-Jan-22,"3,136",125,WED,JAN
Marney O'Breen,UK,Baker's Choco Chips,10-Jun-22,252,154,FRI,JUN
Kaine Padly,Australia,Peanut Butter Cubes,25-Mar-22,"5,460",286,FRI,MAR
Rafaelita Blaksland,India,Almond Choco,27-Jul-22,"3,395",99,WED,JUL
Husein Augar,UK,Caramel Stuffed Bars,15-Apr-22,"14,938",433,FRI,APR
Roddy Speechley,India,Orange Choco,27-Jun-22,"4,053",19,MON,JUN
Jehu Rudeforth,UK,70% Dark Bites,14-Apr-22,"5,565",258,THU,APR
Husein Augar,Australia,Manuka Honey Choco,15-Mar-22,"7,161",92,TUE,MAR
Madelene Upcott,USA,Eclairs,18-Mar-22,"8,883",200,FRI,MAR
Brien Boise,India,Eclairs,29-Apr-22,"1,351",61,FRI,APR
Mallorie Waber,New Zealand,White Choc,25-Feb-22,"3,171",246,FRI,FEB
Husein Augar,USA,Milk Bars,02-Mar-22,854,56,WED,MAR
Van Tuxwell,Australia,Milk Bars,20-Jun-22,"7,910",87,MON,JUN
Beverie Moffet,Canada,White Choc,15-Jul-22,"9,275",173,FRI,JUL
Dotty Strutley,Australia,50% Dark Bites,12-May-22,"3,108",252,THU,MAY
Mallorie Waber,New Zealand,Organic Choco Syrup,01-Jul-22,"5,075",256,FRI,JUL
Husein Augar,USA,85% Dark Bars,08-Aug-22,378,54,MON,AUG
Madelene Upcott,Australia,50% Dark Bites,25-Jul-22,"7,350",6,MON,JUL
Wilone O'Kielt,UK,Drinking Coco,18-May-22,"3,388",55,WED,MAY
Camilla Castle,India,Peanut Butter Cubes,15-Jul-22,"11,837",277,FRI,JUL
Curtice Advani,India,70% Dark Bites,05-Jul-22,"2,282",44,TUE,JUL
Mallorie Waber,USA,Manuka Honey Choco,04-Jul-22,"5,425",96,MON,JUL
Dotty Strutley,UK,70% Dark Bites,20-Jun-22,"1,267",216,MON,JUN
Gunar Cockshoot,Australia,Almond Choco,25-Jan-22,"3,752",424,TUE,JAN
Kaine Padly,New Zealand,Spicy Special Slims,01-Jul-22,"7,728",37,FRI,JUL
Gigi Bohling,USA,50% Dark Bites,13-Apr-22,"2,296",59,WED,APR
Beverie Moffet,UK,Smooth Sliky Salty,04-May-22,"4,403",76,WED,MAY
Beverie Moffet,Australia,Baker's Choco Chips,04-Aug-22,"3,192",109,THU,AUG
Beverie Moffet,India,70% Dark Bites,01-Jun-22,448,146,WED,JUN
Jehu Rudeforth,UK,Choco Coated Almonds,22-Apr-22,"4,270",185,FRI,APR
Kaine Padly,USA,50% Dark Bites,03-Aug-22,70,27,WED,AUG
Ches Bonnell,USA,Orange Choco,10-Jun-22,"1,743",69,FRI,JUN
Gunar Cockshoot,UK,Manuka Honey Choco,27-Jun-22,"6,762",46,MON,JUN
Marney O'Breen,Australia,Smooth Sliky Salty,03-Jan-22,"3,745",170,MON,JAN
Marney O'Breen,India,After Nines,11-Jul-22,"2,639",179,MON,JUL
Ches Bonnell,New Zealand,Milk Bars,17-Aug-22,"4,389",126,WED,AUG
Rafaelita Blaksland,USA,Fruit & Nut Bars,18-Jan-22,"2,604",65,TUE,JAN
Ches Bonnell,India,Organic Choco Syrup,08-Mar-22,"16,569",99,TUE,MAR
Mallorie Waber,Australia,Orange Choco,07-Mar-22,"14,658",275,MON,MAR
Husein Augar,India,70% Dark Bites,09-May-22,"6,454",157,MON,MAY
Barr Faughny,New Zealand,85% Dark Bars,23-May-22,"2,100",157,MON,MAY
Madelene Upcott,UK,Caramel Stuffed Bars,15-Apr-22,161,145,FRI,APR
Gigi Bohling,Australia,Drinking Coco,27-Jul-22,"2,807",139,WED,JUL
Marney O'Breen,Canada,Choco Coated Almonds,22-Aug-22,"2,639",406,MON,AUG
Ches Bonnell,USA,70% Dark Bites,11-May-22,"4,571",122,WED,MAY
Madelene Upcott,India,Organic Choco Syrup,26-Jan-22,"4,781",38,WED,JAN
Barr Faughny,USA,50% Dark Bites,14-Apr-22,"13,034",117,THU,APR
Dennison Crosswaite,New Zealand,Mint Chip Choco,05-Apr-22,"6,454",417,TUE,APR
Marney O'Breen,New Zealand,Smooth Sliky Salty,14-Jun-22,"8,484",57,TUE,JUN
Brien Boise,Canada,Almond Choco,13-Apr-22,"4,781",125,WED,APR
Beverie Moffet,Australia,White Choc,27-Jun-22,"2,240",166,MON,JUN
Dotty Strutley,Australia,Eclairs,26-Jan-22,"6,979",3,WED,JAN
Barr Faughny,UK,White Choc,05-Jul-22,"1,652",72,TUE,JUL
Beverie Moffet,Canada,Baker's Choco Chips,11-Jan-22,"13,447",95,TUE,JAN
Kelci Walkden,USA,White Choc,07-Mar-22,"9,422",22,MON,MAR
Kaine Padly,Canada,50% Dark Bites,04-Mar-22,"8,687",100,FRI,MAR
Karlen McCaffrey,Canada,Organic Choco Syrup,15-Jul-22,"2,415",312,FRI,JUL
Kaine Padly,UK,Peanut Butter Cubes,11-May-22,"6,272",86,WED,MAY
Karlen McCaffrey,USA,Milk Bars,27-Jan-22,"4,389",7,THU,JAN
Karlen McCaffrey,India,Orange Choco,27-Jun-22,"3,122",149,MON,JUN
Ches Bonnell,India,Smooth Sliky Salty,03-Aug-22,"8,043",18,WED,AUG
Wilone O'Kielt,New Zealand,Mint Chip Choco,19-Aug-22,"11,662",242,FRI,AUG
Wilone O'Kielt,Australia,Fruit & Nut Bars,15-Jun-22,392,102,WED,JUN
Dennison Crosswaite,UK,Peanut Butter Cubes,07-Feb-22,"8,925",158,MON,FEB
Karlen McCaffrey,Australia,Almond Choco,08-Jul-22,"7,294",128,FRI,JUL
Dennison Crosswaite,India,Milk Bars,21-Apr-22,"1,526",96,THU,APR
Ches Bonnell,UK,Mint Chip Choco,08-Apr-22,"2,688",209,FRI,APR
Husein Augar,Australia,50% Dark Bites,19-Aug-22,"14,889",52,FRI,AUG
Jan Morforth,India,Fruit & Nut Bars,04-May-22,"2,912",55,WED,MAY
Mallorie Waber,USA,85% Dark Bars,11-May-22,"2,632",108,WED,MAY
Mallorie Waber,USA,Eclairs,22-Mar-22,"6,328",51,TUE,MAR
Dennison Crosswaite,Canada,Spicy Special Slims,10-Aug-22,"2,527",216,WED,AUG
Dennison Crosswaite,USA,Fruit & Nut Bars,04-May-22,"1,414",318,WED,MAY
Kelci Walkden,USA,99% Dark & Pure,18-Aug-22,"7,714",238,THU,AUG
Dotty Strutley,Canada,Raspberry Choco,03-Aug-22,"4,347",238,WED,AUG
Marney O'Breen,New Zealand,Milk Bars,14-Jan-22,"7,490",315,FRI,JAN
Madelene Upcott,Australia,Choco Coated Almonds,08-Apr-22,"2,058",72,FRI,APR
Kelci Walkden,UK,Orange Choco,01-Aug-22,"3,640",3,MON,AUG
Dennison Crosswaite,Canada,Eclairs,15-Mar-22,455,45,TUE,MAR
Karlen McCaffrey,India,Mint Chip Choco,15-Jul-22,"10,990",184,FRI,JUL
Barr Faughny,New Zealand,Almond Choco,13-Jan-22,"5,558",127,THU,JAN
Mallorie Waber,Australia,85% Dark Bars,26-Aug-22,"2,541",53,FRI,AUG
Ches Bonnell,Canada,Eclairs,10-Jan-22,"1,876",172,MON,JAN
Gigi Bohling,Australia,White Choc,11-May-22,"5,523",87,WED,MAY
Beverie Moffet,New Zealand,85% Dark Bars,30-Aug-22,"11,200",22,TUE,AUG
Kaine Padly,USA,Caramel Stuffed Bars,21-Jul-22,"5,593",122,THU,JUL
Mallorie Waber,Australia,Almond Choco,01-Aug-22,"7,882",125,MON,AUG
Brien Boise,Canada,85% Dark Bars,17-Feb-22,"10,241",259,THU,FEB
Brien Boise,Australia,Drinking Coco,27-Jul-22,"6,832",156,WED,JUL
Dotty Strutley,USA,Orange Choco,23-Feb-22,"1,379",107,WED,FEB
Rafaelita Blaksland,Australia,50% Dark Bites,22-Mar-22,"3,010",40,TUE,MAR
Dennison Crosswaite,India,99% Dark & Pure,23-Jun-22,"6,888",311,THU,JUN
Curtice Advani,UK,White Choc,01-Feb-22,"1,540",73,TUE,FEB
Kelci Walkden,Australia,After Nines,02-Mar-22,"6,916",288,WED,MAR
Gigi Bohling,UK,Fruit & Nut Bars,06-Apr-22,"1,232",86,WED,APR
Gunar Cockshoot,Australia,Raspberry Choco,17-Mar-22,602,72,THU,MAR
Curtice Advani,UK,Fruit & Nut Bars,24-Jun-22,"10,927",136,FRI,JUN
Barr Faughny,Canada,50% Dark Bites,19-Jul-22,"10,185",303,TUE,JUL
Curtice Advani,USA,Spicy Special Slims,11-Jul-22,"1,603",264,MON,JUL
Brien Boise,India,Almond Choco,13-Jan-22,"2,170",218,THU,JAN
Oby Sorrel,New Zealand,Smooth Sliky Salty,07-Jul-22,"8,673",60,THU,JUL
Jan Morforth,India,85% Dark Bars,25-May-22,"4,760",418,WED,MAY
Marney O'Breen,India,Fruit & Nut Bars,13-Apr-22,"4,753",151,WED,APR
Andria Kimpton,New Zealand,50% Dark Bites,02-Mar-22,"3,374",202,WED,MAR
Gunar Cockshoot,Canada,Raspberry Choco,23-Jun-22,"2,058",126,THU,JUN
Kelci Walkden,USA,Drinking Coco,26-Jul-22,"6,454",160,TUE,JUL
Van Tuxwell,Canada,White Choc,22-Mar-22,420,3,TUE,MAR
Rafaelita Blaksland,USA,Baker's Choco Chips,09-Jun-22,"2,863",58,THU,JUN
Van Tuxwell,Australia,Caramel Stuffed Bars,17-May-22,"5,936",59,TUE,MAY
Ches Bonnell,New Zealand,Peanut Butter Cubes,04-Mar-22,889,273,FRI,MAR
Kelci Walkden,Canada,Milk Bars,07-Jul-22,"16,016",28,THU,JUL
Dennison Crosswaite,Canada,Choco Coated Almonds,13-Jan-22,"10,479",118,THU,JAN
Curtice Advani,Australia,Almond Choco,13-Jul-22,"2,912",75,WED,JUL
Madelene Upcott,Australia,85% Dark Bars,16-Jun-22,"1,575",329,THU,JUN
Gigi Bohling,UK,50% Dark Bites,18-Jul-22,"8,197",69,MON,JUL
Ches Bonnell,UK,Manuka Honey Choco,30-May-22,"4,221",395,MON,MAY
Gigi Bohling,UK,70% Dark Bites,21-Jun-22,840,81,TUE,JUN
Jehu Rudeforth,Australia,Peanut Butter Cubes,24-Jun-22,"5,691",38,FRI,JUN
Marney O'Breen,India,Eclairs,13-Jan-22,"3,472",96,THU,JAN
Curtice Advani,Canada,Fruit & Nut Bars,04-Apr-22,"4,193",195,MON,APR
Kaine Padly,UK,Smooth Sliky Salty,08-Jun-22,"9,016",554,WED,JUN
Karlen McCaffrey,Canada,Spicy Special Slims,02-Aug-22,"6,328",47,TUE,AUG
Kelci Walkden,USA,Organic Choco Syrup,21-Jul-22,"9,870",152,THU,JUL
Curtice Advani,India,Spicy Special Slims,20-Jun-22,161,134,MON,JUN
Roddy Speechley,India,After Nines,22-Jun-22,"2,576",112,WED,JUN
Camilla Castle,Australia,Caramel Stuffed Bars,02-May-22,"3,178",16,MON,MAY
Curtice Advani,Australia,99% Dark & Pure,07-Jan-22,"4,676",84,FRI,JAN
Mallorie Waber,UK,50% Dark Bites,21-Feb-22,"5,502",99,MON,FEB
Ches Bonnell,Canada,Baker's Choco Chips,21-Mar-22,"7,462",371,MON,MAR
Van Tuxwell,UK,Drinking Coco,04-Apr-22,"5,803",136,MON,APR
Gunar Cockshoot,Canada,Fruit & Nut Bars,24-Mar-22,"13,888",203,THU,MAR
Gunar Cockshoot,New Zealand,Spicy Special Slims,28-Jun-22,"6,867",183,TUE,JUN
Gunar Cockshoot,Australia,Drinking Coco,14-Jan-22,"2,317",195,FRI,JAN
Karlen McCaffrey,New Zealand,Fruit & Nut Bars,07-Feb-22,"1,218",135,MON,FEB
Dennison Crosswaite,New Zealand,Drinking Coco,11-Jan-22,"4,109",197,TUE,JAN
Jehu Rudeforth,India,99% Dark & Pure,25-Feb-22,"1,953",242,FRI,FEB
Dotty Strutley,Australia,Mint Chip Choco,01-Aug-22,"6,790",25,MON,AUG
Roddy Speechley,Australia,Mint Chip Choco,05-May-22,"6,797",252,THU,MAY
Madelene Upcott,New Zealand,Raspberry Choco,18-May-22,"9,226",415,WED,MAY
Dotty Strutley,New Zealand,Choco Coated Almonds,04-Jan-22,"5,733",348,TUE,JAN
Roddy Speechley,New Zealand,50% Dark Bites,09-May-22,"4,312",211,MON,MAY
Rafaelita Blaksland,India,Smooth Sliky Salty,06-May-22,"1,638",81,FRI,MAY
Husein Augar,UK,White Choc,13-Jan-22,"10,815",145,THU,JAN
Roddy Speechley,Australia,Almond Choco,24-Jun-22,"4,466",74,FRI,JUN
Van Tuxwell,USA,Caramel Stuffed Bars,14-Feb-22,987,21,MON,FEB
Camilla Castle,Australia,99% Dark & Pure,18-Jan-22,"4,669",101,TUE,JAN
Kaine Padly,India,Milk Bars,02-May-22,"2,905",91,MON,MAY
Ches Bonnell,Australia,Smooth Sliky Salty,16-May-22,"7,490",54,MON,MAY
Mallorie Waber,USA,Almond Choco,28-Jan-22,"6,986",368,FRI,JAN
Kaine Padly,Canada,99% Dark & Pure,24-Jun-22,"1,288",409,FRI,JUN
Oby Sorrel,UK,After Nines,18-Jul-22,"2,345",104,MON,JUL
Gunar Cockshoot,UK,Eclairs,13-Apr-22,"3,619",164,WED,APR
Dotty Strutley,USA,Caramel Stuffed Bars,15-Apr-22,"16,982",76,FRI,APR
Jan Morforth,India,Peanut Butter Cubes,04-Jan-22,"8,092",178,TUE,JAN
Husein Augar,Australia,Eclairs,04-Jul-22,"6,993",31,MON,JUL
Beverie Moffet,USA,Smooth Sliky Salty,24-Mar-22,"2,317",352,THU,MAR
Camilla Castle,Australia,Manuka Honey Choco,17-Mar-22,637,169,THU,MAR
Oby Sorrel,Australia,Almond Choco,15-Feb-22,"6,034",223,TUE,FEB
Jan Morforth,USA,Orange Choco,29-Jun-22,980,146,WED,JUN
Gigi Bohling,USA,Fruit & Nut Bars,24-May-22,"2,821",112,TUE,MAY
Mallorie Waber,UK,Milk Bars,10-Jan-22,"3,563",284,MON,JAN
Curtice Advani,USA,Raspberry Choco,15-Mar-22,"2,996",139,TUE,MAR
Marney O'Breen,Canada,Milk Bars,08-Feb-22,"2,436",309,TUE,FEB
Brien Boise,India,Caramel Stuffed Bars,25-Feb-22,"1,540",100,FRI,FEB
Gunar Cockshoot,USA,Eclairs,03-May-22,"6,916",42,TUE,MAY
Roddy Speechley,USA,Fruit & Nut Bars,14-Jun-22,"5,509",24,TUE,JUN
Gunar Cockshoot,India,50% Dark Bites,09-Aug-22,"12,992",83,TUE,AUG
Wilone O'Kielt,New Zealand,Manuka Honey Choco,11-Jul-22,"3,724",234,MON,JUL
Kaine Padly,UK,Manuka Honey Choco,14-Jan-22,"7,133",118,FRI,JAN
Van Tuxwell,Canada,Manuka Honey Choco,24-Feb-22,"8,617",46,THU,FEB
Wilone O'Kielt,New Zealand,Almond Choco,15-Mar-22,"9,198",144,TUE,MAR
Oby Sorrel,New Zealand,Baker's Choco Chips,25-Apr-22,"11,823",47,MON,APR
Dennison Crosswaite,Australia,Organic Choco Syrup,10-May-22,"5,775",41,TUE,MAY
Marney O'Breen,Australia,Spicy Special Slims,23-Jun-22,"13,125",275,THU,JUN
Beverie Moffet,Canada,Smooth Sliky Salty,28-Feb-22,"14,287",370,MON,FEB
Brien Boise,USA,Organic Choco Syrup,25-May-22,"16,233",138,WED,MAY
Roddy Speechley,New Zealand,Baker's Choco Chips,22-Feb-22,"5,313",215,TUE,FEB
Van Tuxwell,UK,85% Dark Bars,11-Jul-22,"3,577",134,MON,JUL
Marney O'Breen,Canada,Spicy Special Slims,03-Jan-22,"3,528",336,MON,JAN
Rafaelita Blaksland,New Zealand,70% Dark Bites,24-Aug-22,679,280,WED,AUG
Beverie Moffet,USA,50% Dark Bites,28-Jul-22,"2,450",352,THU,JUL
Brien Boise,USA,Mint Chip Choco,25-May-22,"10,577",150,WED,MAY
Karlen McCaffrey,New Zealand,Eclairs,06-May-22,"2,597",177,FRI,MAY
Barr Faughny,India,Drinking Coco,28-Jan-22,"2,219",142,FRI,JAN
Marney O'Breen,UK,Orange Choco,06-Jun-22,"11,319",12,MON,JUN
Brien Boise,New Zealand,Baker's Choco Chips,12-Jul-22,"5,978",24,TUE,JUL
Ches Bonnell,Canada,Spicy Special Slims,05-Aug-22,"5,327",183,FRI,AUG
Brien Boise,USA,Orange Choco,28-Jan-22,"6,020",147,FRI,JAN
Kaine Padly,India,Spicy Special Slims,31-Aug-22,"5,614",137,WED,AUG
Mallorie Waber,USA,50% Dark Bites,19-Apr-22,"1,736",13,TUE,APR
Mallorie Waber,UK,Mint Chip Choco,29-Jun-22,"6,384",2,WED,JUN
Beverie Moffet,India,Choco Coated Almonds,24-Feb-22,"3,577",261,THU,FEB
Madelene Upcott,UK,Smooth Sliky Salty,04-Mar-22,"14,539",84,FRI,MAR
Gigi Bohling,India,Eclairs,21-Jun-22,"3,493",68,TUE,JUN
Rafaelita Blaksland,Australia,Organic Choco Syrup,26-Jan-22,994,105,WED,JAN
Oby Sorrel,New Zealand,White Choc,10-Jun-22,"4,361",40,FRI,JUN
Andria Kimpton,UK,Drinking Coco,23-May-22,"1,554",65,MON,MAY
Kelci Walkden,India,Milk Bars,15-Apr-22,966,107,FRI,APR
Karlen McCaffrey,New Zealand,Caramel Stuffed Bars,31-Jan-22,"5,334",227,MON,JAN
Andria Kimpton,New Zealand,Organic Choco Syrup,04-Mar-22,"4,935",39,FRI,MAR
Barr Faughny,New Zealand,After Nines,19-Apr-22,"10,024",84,TUE,APR
Beverie Moffet,UK,Almond Choco,16-May-22,"2,506",100,MON,MAY
Oby Sorrel,Australia,Raspberry Choco,17-Feb-22,"1,043",120,THU,FEB
Dennison Crosswaite,USA,Raspberry Choco,18-Jan-22,"6,524",257,TUE,JAN
Roddy Speechley,Canada,Orange Choco,09-Feb-22,"8,148",85,WED,FEB
Mallorie Waber,Canada,Orange Choco,23-Mar-22,"3,577",178,WED,MAR
Madelene Upcott,New Zealand,Caramel Stuffed Bars,01-Feb-22,"3,374",151,TUE,FEB
Mallorie Waber,India,Drinking Coco,07-Mar-22,"3,948",142,MON,MAR
Ches Bonnell,UK,White Choc,03-Jan-22,"3,269",226,MON,JAN
Ches Bonnell,USA,White Choc,11-Feb-22,"5,271",341,FRI,FEB
Dennison Crosswaite,New Zealand,Orange Choco,16-Mar-22,"4,571",140,WED,MAR
Dotty Strutley,India,White Choc,15-Aug-22,"12,327",330,MON,AUG
Gigi Bohling,India,Manuka Honey Choco,12-May-22,"4,935",73,THU,MAY
Van Tuxwell,India,Spicy Special Slims,11-Apr-22,"6,167",4,MON,APR
Jan Morforth,New Zealand,Mint Chip Choco,30-Jun-22,"18,340",285,THU,JUN
Dotty Strutley,New Zealand,White Choc,15-Jun-22,"7,014",60,WED,JUN
Rafaelita Blaksland,Canada,Caramel Stuffed Bars,01-Aug-22,"7,119",101,MON,AUG
Kaine Padly,USA,Milk Bars,15-Jun-22,"15,491",58,WED,JUN
Brien Boise,India,After Nines,16-Jun-22,"5,747",45,THU,JUN
Oby Sorrel,New Zealand,Raspberry Choco,13-May-22,"4,550",281,FRI,MAY
Dennison Crosswaite,USA,Drinking Coco,10-May-22,"2,191",138,TUE,MAY
Oby Sorrel,India,Eclairs,25-Aug-22,"5,663",322,THU,AUG
Ches Bonnell,New Zealand,Organic Choco Syrup,15-Jul-22,"7,623",85,FRI,JUL
Gigi Bohling,UK,Baker's Choco Chips,16-May-22,"9,023",409,MON,MAY
Jan Morforth,Australia,50% Dark Bites,14-Jun-22,"3,402",182,TUE,JUN
Beverie Moffet,Australia,Smooth Sliky Salty,25-Jan-22,"10,507",467,TUE,JAN
Ches Bonnell,USA,Organic Choco Syrup,28-Jul-22,"7,721",14,THU,JUL
Brien Boise,Canada,Mint Chip Choco,28-Jan-22,"5,033",178,FRI,JAN
Kaine Padly,UK,Orange Choco,29-Jun-22,"1,960",191,WED,JUN
Karlen McCaffrey,Australia,70% Dark Bites,24-Jun-22,238,317,FRI,JUN
Gunar Cockshoot,Canada,Mint Chip Choco,01-Jul-22,"7,756",410,FRI,JUL
Roddy Speechley,USA,Peanut Butter Cubes,25-Feb-22,"1,736",137,FRI,FEB
Curtice Advani,Canada,Smooth Sliky Salty,01-Aug-22,"2,660",12,MON,AUG
Oby Sorrel,Australia,Milk Bars,21-Jun-22,"7,672",254,TUE,JUN
Camilla Castle,New Zealand,Spicy Special Slims,25-Jan-22,"11,564",24,TUE,JAN
Gigi Bohling,UK,Milk Bars,17-May-22,"1,365",232,TUE,MAY
Andria Kimpton,Australia,85% Dark Bars,23-Aug-22,"4,186",233,TUE,AUG
Camilla Castle,Australia,Smooth Sliky Salty,03-Mar-22,"7,406",118,THU,MAR
Roddy Speechley,India,Caramel Stuffed Bars,30-May-22,"8,911",543,MON,MAY
Karlen McCaffrey,USA,Drinking Coco,29-Jun-22,112,223,WED,JUN
Andria Kimpton,Canada,Organic Choco Syrup,04-Jan-22,"8,204",204,TUE,JAN
Jehu Rudeforth,Australia,Drinking Coco,14-Jan-22,"2,611",65,FRI,JAN
Karlen McCaffrey,USA,Mint Chip Choco,15-Feb-22,"15,652",53,TUE,FEB
Curtice Advani,New Zealand,Spicy Special Slims,10-Jan-22,"4,074",469,MON,JAN
Madelene Upcott,USA,White Choc,04-May-22,"12,250",213,WED,MAY
Andria Kimpton,USA,Spicy Special Slims,23-May-22,"2,366",5,MON,MAY
Barr Faughny,New Zealand,Fruit & Nut Bars,26-Apr-22,"1,687",147,TUE,APR
Oby Sorrel,Canada,Organic Choco Syrup,05-Jul-22,"1,232",74,TUE,JUL
Madelene Upcott,UK,Organic Choco Syrup,21-Jul-22,"6,965",163,THU,JUL
Dotty Strutley,USA,Mint Chip Choco,21-Feb-22,"5,292",248,MON,FEB
Kelci Walkden,USA,Orange Choco,03-Feb-22,"1,379",138,THU,FEB
Gigi Bohling,Australia,Caramel Stuffed Bars,08-Jul-22,"8,001",151,FRI,JUL
Mallorie Waber,India,50% Dark Bites,31-May-22,588,139,TUE,MAY
Van Tuxwell,New Zealand,Mint Chip Choco,27-Jun-22,"4,046",103,MON,JUN
Van Tuxwell,India,50% Dark Bites,13-May-22,"5,103",129,FRI,MAY
Van Tuxwell,USA,Manuka Honey Choco,31-May-22,"2,317",102,TUE,MAY
Wilone O'Kielt,USA,Orange Choco,28-Feb-22,"7,042",37,MON,FEB
Barr Faughny,New Zealand,Eclairs,28-Mar-22,"6,713",31,MON,MAR
Gigi Bohling,USA,After Nines,14-Jan-22,"1,848",227,FRI,JAN
Barr Faughny,New Zealand,Mint Chip Choco,21-Feb-22,"6,440",145,MON,FEB
Dennison Crosswaite,Canada,85% Dark Bars,01-Aug-22,"10,885",90,MON,AUG
Beverie Moffet,New Zealand,Smooth Sliky Salty,19-May-22,"2,387",59,THU,MAY
Husein Augar,USA,White Choc,13-Jul-22,"2,030",60,WED,JUL
Andria Kimpton,Australia,Peanut Butter Cubes,20-Apr-22,"6,678",148,WED,APR
Dennison Crosswaite,India,85% Dark Bars,30-Jun-22,"4,515",22,THU,JUN
Curtice Advani,UK,50% Dark Bites,08-Mar-22,"3,374",142,TUE,MAR
Gunar Cockshoot,USA,Fruit & Nut Bars,09-Mar-22,"5,852",93,WED,MAR
Oby Sorrel,Canada,Raspberry Choco,16-Jun-22,"1,750",208,THU,JUN
Gigi Bohling,UK,Drinking Coco,30-Jun-22,"5,782",42,THU,JUN
Kelci Walkden,India,Mint Chip Choco,28-Jul-22,"2,870",120,THU,JUL
Karlen McCaffrey,Canada,Peanut Butter Cubes,12-Aug-22,"3,094",159,FRI,AUG
Barr Faughny,UK,Mint Chip Choco,07-Jul-22,"3,724",316,THU,JUL
Barr Faughny,USA,85% Dark Bars,25-Aug-22,"12,761",47,THU,AUG
Husein Augar,Canada,Eclairs,17-Jan-22,"3,696",233,MON,JAN
Jan Morforth,Australia,70% Dark Bites,04-Mar-22,"5,222",384,FRI,MAR
Marney O'Breen,New Zealand,Fruit & Nut Bars,25-Aug-22,"8,939",4,THU,AUG
Ches Bonnell,UK,Peanut Butter Cubes,15-Apr-22,"2,156",260,FRI,APR
Kaine Padly,USA,Organic Choco Syrup,11-Mar-22,"2,380",22,FRI,MAR
Camilla Castle,USA,Raspberry Choco,20-May-22,"3,339",18,FRI,MAY
Brien Boise,New Zealand,Manuka Honey Choco,14-Jun-22,"14,980",42,TUE,JUN
Jehu Rudeforth,New Zealand,After Nines,14-Apr-22,"1,512",73,THU,APR
Jehu Rudeforth,USA,Smooth Sliky Salty,07-Jul-22,"6,657",154,THU,JUL
Madelene Upcott,India,Mint Chip Choco,24-Aug-22,"3,836",71,WED,AUG
Jehu Rudeforth,India,Eclairs,24-Feb-22,"8,771",127,THU,FEB
Karlen McCaffrey,Canada,Raspberry Choco,09-May-22,651,224,MON,MAY
Kaine Padly,Australia,70% Dark Bites,08-Feb-22,"6,706",223,TUE,FEB
Roddy Speechley,UK,70% Dark Bites,24-Mar-22,"1,421",284,THU,MAR
Rafaelita Blaksland,USA,Drinking Coco,20-Jun-22,"8,526",73,MON,JUN
Mallorie Waber,Canada,Manuka Honey Choco,07-Mar-22,"1,435",112,MON,MAR
Kaine Padly,Australia,Fruit & Nut Bars,20-Jun-22,"7,434",85,MON,JUN
Oby Sorrel,New Zealand,Organic Choco Syrup,17-Feb-22,"15,316",270,THU,FEB
Madelene Upcott,UK,99% Dark & Pure,26-Jan-22,"10,479",45,WED,JAN
Madelene Upcott,Australia,Mint Chip Choco,02-May-22,"2,751",153,MON,MAY
Curtice Advani,Canada,99% Dark & Pure,07-Jul-22,"12,586",7,THU,JUL
Rafaelita Blaksland,Australia,Baker's Choco Chips,22-Aug-22,"2,786",51,MON,AUG
Karlen McCaffrey,Australia,After Nines,11-Aug-22,"2,303",67,THU,AUG
Marney O'Breen,UK,99% Dark & Pure,13-Jan-22,"8,113",194,THU,JAN
Gunar Cockshoot,Australia,50% Dark Bites,02-Mar-22,"12,271",116,WED,MAR
Marney O'Breen,Australia,Choco Coated Almonds,27-Jul-22,"11,298",41,WED,JUL
Kelci Walkden,New Zealand,Drinking Coco,10-Mar-22,"15,855",111,THU,MAR
Beverie Moffet,USA,85% Dark Bars,23-Aug-22,"12,404",334,TUE,AUG
Roddy Speechley,USA,Eclairs,25-Apr-22,"3,990",155,MON,APR
Dennison Crosswaite,UK,Milk Bars,07-Mar-22,"10,808",407,MON,MAR
Wilone O'Kielt,UK,Organic Choco Syrup,12-Jul-22,"4,858",52,TUE,JUL
Madelene Upcott,USA,Orange Choco,16-May-22,"7,742",138,MON,MAY
Gunar Cockshoot,India,Smooth Sliky Salty,02-Mar-22,"3,752",70,WED,MAR
Marney O'Breen,New Zealand,85% Dark Bars,30-May-22,"1,218",149,MON,MAY
Marney O'Breen,UK,Manuka Honey Choco,10-Jun-22,"10,983",179,FRI,JUN
Brien Boise,USA,99% Dark & Pure,25-Jul-22,"6,769",353,MON,JUL
Beverie Moffet,New Zealand,Mint Chip Choco,09-Jun-22,"4,361",97,THU,JUN
Dennison Crosswaite,USA,Milk Bars,12-May-22,777,60,THU,MAY
Gunar Cockshoot,USA,Drinking Coco,09-May-22,"3,843",5,MON,MAY
Brien Boise,Canada,Manuka Honey Choco,09-Aug-22,"6,930",182,TUE,AUG
Van Tuxwell,India,Choco Coated Almonds,13-Apr-22,"5,733",114,WED,APR
Andria Kimpton,USA,Caramel Stuffed Bars,02-May-22,"8,393",46,MON,MAY
Dotty Strutley,USA,99% Dark & Pure,09-Aug-22,"3,822",320,TUE,AUG
Camilla Castle,Australia,Raspberry Choco,23-Aug-22,"6,342",178,TUE,AUG
Gunar Cockshoot,India,Spicy Special Slims,13-May-22,"6,510",170,FRI,MAY
Karlen McCaffrey,USA,Manuka Honey Choco,01-Feb-22,"10,171",67,TUE,FEB
Camilla Castle,USA,50% Dark Bites,23-Jun-22,"5,908",301,THU,JUN
Madelene Upcott,UK,Choco Coated Almonds,24-May-22,"10,164",134,TUE,MAY
Jan Morforth,Canada,Mint Chip Choco,01-Apr-22,"1,064",211,FRI,APR
Camilla Castle,Canada,70% Dark Bites,27-Jul-22,"9,716",151,WED,JUL
Ches Bonnell,India,Peanut Butter Cubes,27-Jan-22,"22,050",208,THU,JAN
Jan Morforth,India,Choco Coated Almonds,12-Aug-22,"2,541",134,FRI,AUG
Gigi Bohling,Canada,Almond Choco,01-Feb-22,"9,989",49,TUE,FEB
Rafaelita Blaksland,India,After Nines,02-Mar-22,"4,739",204,WED,MAR
Kelci Walkden,Australia,99% Dark & Pure,30-Jun-22,"3,185",34,THU,JUN
Dotty Strutley,Australia,Spicy Special Slims,17-Jan-22,"8,225",91,MON,JAN
Brien Boise,USA,Milk Bars,07-Jul-22,"14,301",130,THU,JUL
Mallorie Waber,New Zealand,Mint Chip Choco,31-Jan-22,"1,316",107,MON,JAN
Beverie Moffet,UK,99% Dark & Pure,10-Aug-22,"3,486",121,WED,AUG
Beverie Moffet,USA,Peanut Butter Cubes,18-Aug-22,"13,930",339,THU,AUG
Brien Boise,New Zealand,White Choc,15-Jun-22,"5,509",321,WED,JUN
Marney O'Breen,USA,Baker's Choco Chips,26-Jan-22,"8,470",9,WED,JAN
Kelci Walkden,USA,Spicy Special Slims,29-Apr-22,77,69,FRI,APR
Mallorie Waber,Canada,White Choc,03-Mar-22,"3,381",72,THU,MAR
Kaine Padly,Australia,Almond Choco,22-Feb-22,"4,102",392,TUE,FEB
Oby Sorrel,USA,Smooth Sliky Salty,04-Mar-22,"3,577",158,FRI,MAR
Dennison Crosswaite,India,Smooth Sliky Salty,07-Jul-22,"2,975",9,THU,JUL
Camilla Castle,New Zealand,Caramel Stuffed Bars,17-Jun-22,"4,137",347,FRI,JUN
Jan Morforth,Canada,Caramel Stuffed Bars,02-Aug-22,"9,541",114,TUE,AUG
Oby Sorrel,USA,Baker's Choco Chips,12-Aug-22,"8,001",120,FRI,AUG
Madelene Upcott,New Zealand,Peanut Butter Cubes,28-Jan-22,"5,152",333,FRI,JAN
Kelci Walkden,Australia,Orange Choco,29-Apr-22,"11,116",432,FRI,APR
Marney O'Breen,Australia,Manuka Honey Choco,05-Apr-22,"13,076",236,TUE,APR
Kaine Padly,Canada,Manuka Honey Choco,18-Jan-22,"10,213",135,TUE,JAN
Jehu Rudeforth,UK,Baker's Choco Chips,16-May-22,"2,485",97,MON,MAY
Kelci Walkden,Australia,White Choc,24-Aug-22,"8,715",168,WED,AUG
Curtice Advani,India,85% Dark Bars,18-Jan-22,273,402,TUE,JAN
Kaine Padly,USA,Eclairs,22-Aug-22,"7,623",10,MON,AUG
Gunar Cockshoot,UK,99% Dark & Pure,07-Mar-22,7,84,MON,MAR
Beverie Moffet,UK,Choco Coated Almonds,04-Mar-22,"3,010",69,FRI,MAR
Dotty Strutley,Canada,Manuka Honey Choco,22-Apr-22,"11,550",111,FRI,APR
Kaine Padly,Australia,Milk Bars,09-Jun-22,"4,046",89,THU,JUN
Jan Morforth,Canada,Fruit & Nut Bars,25-Jul-22,"8,904",199,MON,JUL
Jan Morforth,India,Smooth Sliky Salty,03-Aug-22,"11,298",89,WED,AUG
Rafaelita Blaksland,Australia,Manuka Honey Choco,03-Aug-22,"4,396",131,WED,AUG
Jehu Rudeforth,UK,Milk Bars,03-May-22,"12,068",227,TUE,MAY
Husein Augar,Canada,After Nines,19-Jan-22,"9,772",301,WED,JAN
Roddy Speechley,USA,50% Dark Bites,11-Feb-22,"10,458",316,FRI,FEB
Van Tuxwell,India,Almond Choco,14-Jun-22,"6,426",390,TUE,JUN
Kelci Walkden,USA,50% Dark Bites,23-Mar-22,"6,188",223,WED,MAR
Madelene Upcott,Canada,85% Dark Bars,17-Feb-22,"7,504",101,THU,FEB
Dennison Crosswaite,Canada,Smooth Sliky Salty,17-Mar-22,"1,750",479,THU,MAR
Mallorie Waber,Australia,Spicy Special Slims,29-Jun-22,"5,439",287,WED,JUN
Ches Bonnell,Canada,Choco Coated Almonds,24-Aug-22,"15,547",269,WED,AUG
Gigi Bohling,Canada,Spicy Special Slims,04-Jul-22,"11,956",277,MON,JUL
Roddy Speechley,New Zealand,Almond Choco,28-Mar-22,"2,723",67,MON,MAR
Curtice Advani,India,Smooth Sliky Salty,19-Apr-22,"19,327",135,TUE,APR
Ches Bonnell,New Zealand,Mint Chip Choco,18-Jan-22,"9,058",229,TUE,JAN
Van Tuxwell,New Zealand,Fruit & Nut Bars,17-Jan-22,"2,996",88,MON,JAN
Andria Kimpton,New Zealand,Mint Chip Choco,15-Feb-22,"8,848",211,TUE,FEB
Andria Kimpton,UK,Milk Bars,11-Feb-22,"14,336",293,FRI,FEB
Camilla Castle,USA,Manuka Honey Choco,21-Mar-22,"16,401",179,MON,MAR
Gunar Cockshoot,New Zealand,Almond Choco,05-Jan-22,"5,173",129,WED,JAN
Brien Boise,India,Raspberry Choco,30-May-22,"6,328",164,MON,MAY
Jehu Rudeforth,USA,99% Dark & Pure,04-Jan-22,"2,534",219,TUE,JAN
Beverie Moffet,Australia,Fruit & Nut Bars,22-Apr-22,"1,435",258,FRI,APR
Gigi Bohling,Canada,Milk Bars,10-Feb-22,"3,052",116,THU,FEB
Dotty Strutley,India,Spicy Special Slims,12-Aug-22,910,204,FRI,AUG
Gunar Cockshoot,USA,Organic Choco Syrup,10-Aug-22,"2,331",321,WED,AUG
Kelci Walkden,Australia,Raspberry Choco,07-Jun-22,679,56,TUE,JUN
Jehu Rudeforth,India,Baker's Choco Chips,06-Jun-22,"2,086",74,MON,JUN
Karlen McCaffrey,New Zealand,Baker's Choco Chips,05-Apr-22,"5,012",189,TUE,APR
Wilone O'Kielt,USA,50% Dark Bites,18-Apr-22,"4,501",131,MON,APR
Andria Kimpton,India,50% Dark Bites,31-Jan-22,"13,482",15,MON,JAN
Madelene Upcott,USA,Baker's Choco Chips,22-Aug-22,"5,621",140,MON,AUG
Jehu Rudeforth,Australia,99% Dark & Pure,25-Feb-22,"10,486",198,FRI,FEB
Jan Morforth,Australia,Mint Chip Choco,22-Feb-22,"17,626",103,TUE,FEB
Oby Sorrel,New Zealand,Milk Bars,12-Jan-22,"4,494",187,WED,JAN
Brien Boise,UK,Almond Choco,25-May-22,105,125,WED,MAY
Kelci Walkden,India,Smooth Sliky Salty,01-Feb-22,"2,464",8,TUE,FEB
Rafaelita Blaksland,UK,Eclairs,27-Apr-22,"1,379",70,WED,APR
Gigi Bohling,USA,Smooth Sliky Salty,22-Jul-22,"2,583",126,FRI,JUL
Curtice Advani,New Zealand,Mint Chip Choco,26-Jan-22,"3,220",265,WED,JAN
Curtice Advani,USA,Mint Chip Choco,24-Aug-22,"4,802",296,WED,AUG
Madelene Upcott,New Zealand,Fruit & Nut Bars,18-Jan-22,"5,677",21,TUE,JAN
Karlen McCaffrey,India,85% Dark Bars,30-Mar-22,945,83,WED,MAR
Ches Bonnell,Australia,Caramel Stuffed Bars,17-Jan-22,"8,757",162,MON,JAN
Kelci Walkden,USA,Fruit & Nut Bars,17-Feb-22,"4,816",145,THU,FEB
Kelci Walkden,Canada,Peanut Butter Cubes,08-Apr-22,"7,532",44,FRI,APR
Gigi Bohling,Canada,Drinking Coco,06-Jul-22,"3,549",82,WED,JUL
Husein Augar,India,Fruit & Nut Bars,04-Apr-22,"4,340",226,MON,APR
Jan Morforth,New Zealand,Organic Choco Syrup,02-Mar-22,"1,799",207,WED,MAR
Gigi Bohling,New Zealand,Raspberry Choco,09-Aug-22,"1,127",176,TUE,AUG
Dennison Crosswaite,Australia,Milk Bars,09-Jun-22,"10,038",286,THU,JUN
Ches Bonnell,UK,Caramel Stuffed Bars,02-Jun-22,"2,926",300,THU,JUN
Van Tuxwell,USA,Fruit & Nut Bars,05-Jul-22,"6,279",235,TUE,JUL
Andria Kimpton,Canada,Eclairs,11-Aug-22,308,125,THU,AUG
Madelene Upcott,India,Choco Coated Almonds,11-Feb-22,"3,500",145,FRI,FEB
Kelci Walkden,New Zealand,Spicy Special Slims,11-Aug-22,658,65,THU,AUG
Roddy Speechley,Australia,Drinking Coco,12-May-22,"12,565",102,THU,MAY
Wilone O'Kielt,USA,Milk Bars,15-Jul-22,"5,012",93,FRI,JUL
Andria Kimpton,India,Organic Choco Syrup,18-Jan-22,"3,955",134,TUE,JAN
Madelene Upcott,UK,Fruit & Nut Bars,05-Jan-22,"8,512",189,WED,JAN
Curtice Advani,Australia,50% Dark Bites,29-Jun-22,504,232,WED,JUN
Brien Boise,Canada,Raspberry Choco,14-Jun-22,"2,800",45,TUE,JUN
Gunar Cockshoot,India,Mint Chip Choco,08-Aug-22,"4,256",67,MON,AUG
Dennison Crosswaite,India,Mint Chip Choco,23-Mar-22,"13,573",138,WED,MAR
Barr Faughny,India,Caramel Stuffed Bars,04-Jan-22,"6,566",99,TUE,JAN
Brien Boise,India,Milk Bars,22-Feb-22,"13,503",251,TUE,FEB
Beverie Moffet,UK,Spicy Special Slims,17-Feb-22,"8,680",252,THU,FEB
Barr Faughny,USA,Almond Choco,03-Feb-22,385,78,THU,FEB
Van Tuxwell,Canada,Raspberry Choco,17-Mar-22,"1,267",130,THU,MAR
Wilone O'Kielt,Australia,Baker's Choco Chips,25-Jan-22,"2,961",154,TUE,JAN
Brien Boise,Australia,Milk Bars,27-Jul-22,"1,981",52,WED,JUL
Husein Augar,Australia,Fruit & Nut Bars,28-Jan-22,"7,959",53,FRI,JAN
Madelene Upcott,Australia,Organic Choco Syrup,05-Jul-22,"10,794",50,TUE,JUL
Van Tuxwell,India,White Choc,15-Mar-22,"1,897",44,TUE,MAR
Gunar Cockshoot,Canada,After Nines,04-Aug-22,"2,744",200,THU,AUG
Jan Morforth,USA,Fruit & Nut Bars,27-Jun-22,"4,382",361,MON,JUN
Jan Morforth,Canada,After Nines,13-Jul-22,"4,515",172,WED,JUL
Barr Faughny,New Zealand,Manuka Honey Choco,24-Feb-22,"5,474",239,THU,FEB
Karlen McCaffrey,New Zealand,85% Dark Bars,28-Jun-22,"6,069",55,TUE,JUN
Oby Sorrel,Australia,85% Dark Bars,30-Jun-22,"6,944",27,THU,JUN
Curtice Advani,Canada,Choco Coated Almonds,18-Aug-22,"5,859",7,THU,AUG
Kaine Padly,India,70% Dark Bites,24-Jan-22,"12,173",301,MON,JAN
Beverie Moffet,USA,White Choc,11-Mar-22,"5,292",134,FRI,MAR
Ches Bonnell,New Zealand,After Nines,23-Jun-22,"5,705",350,THU,JUN
Husein Augar,India,Spicy Special Slims,22-Aug-22,"2,492",33,MON,AUG
Gunar Cockshoot,Canada,50% Dark Bites,04-Jan-22,"3,024",23,TUE,JAN
Curtice Advani,India,Milk Bars,05-Apr-22,"3,437",201,TUE,APR
Beverie Moffet,India,Milk Bars,15-Apr-22,"1,869",323,FRI,APR
Husein Augar,Australia,White Choc,11-May-22,"3,171",220,WED,MAY
Andria Kimpton,Canada,Manuka Honey Choco,21-Jul-22,"4,858",488,THU,JUL
Jan Morforth,New Zealand,Orange Choco,11-Feb-22,"1,225",84,FRI,FEB
Andria Kimpton,Canada,Smooth Sliky Salty,08-Jul-22,"1,155",79,FRI,JUL
Gunar Cockshoot,UK,Raspberry Choco,11-Aug-22,"6,811",344,THU,AUG
Husein Augar,New Zealand,After Nines,04-Aug-22,"6,433",7,THU,AUG
Andria Kimpton,New Zealand,Orange Choco,14-Jun-22,"8,169",88,TUE,JUN
Dennison Crosswaite,UK,Baker's Choco Chips,17-Jan-22,"2,275",275,MON,JAN
Jehu Rudeforth,Canada,Orange Choco,23-Jun-22,"3,857",512,THU,JUN
Jehu Rudeforth,UK,Smooth Sliky Salty,24-Aug-22,"1,463",113,WED,AUG
Andria Kimpton,UK,Caramel Stuffed Bars,07-Jun-22,"7,924",275,TUE,JUN
Jan Morforth,UK,White Choc,22-Jun-22,"8,799",47,WED,JUN
Dotty Strutley,USA,Fruit & Nut Bars,13-Jul-22,"2,898",276,WED,JUL
Kelci Walkden,UK,Choco Coated Almonds,24-May-22,"9,506",212,TUE,MAY
Gunar Cockshoot,New Zealand,After Nines,09-Aug-22,"7,175",145,TUE,AUG
Kaine Padly,Canada,85% Dark Bars,06-Apr-22,"1,729",31,WED,APR
Jan Morforth,New Zealand,Manuka Honey Choco,28-Jul-22,"1,589",271,THU,JUL
Gunar Cockshoot,New Zealand,Raspberry Choco,24-Aug-22,630,52,WED,AUG
Van Tuxwell,Australia,99% Dark & Pure,17-Jan-22,112,128,MON,JAN
Curtice Advani,USA,Drinking Coco,07-Feb-22,"5,187",142,MON,FEB
Brien Boise,Australia,Spicy Special Slims,09-May-22,"6,223",256,MON,MAY
Mallorie Waber,New Zealand,85% Dark Bars,06-Jun-22,"7,714",106,MON,JUN
Wilone O'Kielt,USA,Choco Coated Almonds,06-Jun-22,"9,457",6,MON,JUN
Beverie Moffet,New Zealand,Organic Choco Syrup,24-May-22,"6,678",226,TUE,MAY
Gunar Cockshoot,UK,50% Dark Bites,13-Jan-22,"2,107",121,THU,JAN
Marney O'Breen,USA,Raspberry Choco,23-May-22,"6,069",151,MON,MAY
Jehu Rudeforth,UK,White Choc,29-Jun-22,"1,862",284,WED,JUN
Jehu Rudeforth,New Zealand,85% Dark Bars,11-Mar-22,"6,972",89,FRI,MAR
Dotty Strutley,USA,85% Dark Bars,25-Apr-22,"10,220",508,MON,APR
Rafaelita Blaksland,Australia,Smooth Sliky Salty,30-May-22,"3,969",243,MON,MAY
Curtice Advani,India,Manuka Honey Choco,23-May-22,"1,547",170,MON,MAY
Mallorie Waber,USA,Peanut Butter Cubes,23-May-22,"1,162",18,MON,MAY
Van Tuxwell,Canada,Peanut Butter Cubes,24-Jun-22,"6,342",282,FRI,JUN
Kelci Walkden,New Zealand,Smooth Sliky Salty,11-Mar-22,"10,633",277,FRI,MAR
Rafaelita Blaksland,USA,Smooth Sliky Salty,27-Jul-22,"15,057",212,WED,JUL
Rafaelita Blaksland,USA,White Choc,16-Aug-22,"4,704",126,TUE,AUG
Roddy Speechley,Canada,Smooth Sliky Salty,07-Mar-22,"9,338",11,MON,MAR
Curtice Advani,New Zealand,After Nines,05-Apr-22,"7,959",30,TUE,APR
Camilla Castle,India,85% Dark Bars,04-May-22,"9,023",51,WED,MAY
Ches Bonnell,USA,Choco Coated Almonds,04-Jan-22,"14,525",92,TUE,JAN
Marney O'Breen,Australia,Baker's Choco Chips,13-Jan-22,"5,810",101,THU,JAN
Wilone O'Kielt,New Zealand,Fruit & Nut Bars,11-Jul-22,"6,426",98,MON,JUL
Kaine Padly,Australia,Mint Chip Choco,17-May-22,"4,403",159,TUE,MAY
Camilla Castle,New Zealand,Peanut Butter Cubes,21-Jul-22,"1,582",62,THU,JUL
Curtice Advani,Canada,Organic Choco Syrup,22-Feb-22,791,22,TUE,FEB
Jan Morforth,India,99% Dark & Pure,23-May-22,"9,100",187,MON,MAY
Rafaelita Blaksland,Canada,Drinking Coco,12-Jul-22,"9,884",200,TUE,JUL
Jan Morforth,UK,Orange Choco,15-Jun-22,"3,780",201,WED,JUN
Barr Faughny,New Zealand,50% Dark Bites,23-Jun-22,"4,557",308,THU,JUN
Curtice Advani,Australia,Eclairs,25-Mar-22,"5,796",55,FRI,MAR
Jan Morforth,India,Caramel Stuffed Bars,04-Jul-22,84,153,MON,JUL
Andria Kimpton,UK,White Choc,12-May-22,"9,037",101,THU,MAY
Camilla Castle,New Zealand,Raspberry Choco,04-Apr-22,"4,746",137,MON,APR
Madelene Upcott,Australia,Orange Choco,15-Apr-22,"6,713",398,FRI,APR
Roddy Speechley,Canada,Eclairs,08-Mar-22,"6,237",88,TUE,MAR
Karlen McCaffrey,India,White Choc,17-Jan-22,"7,483",232,MON,JAN
Wilone O'Kielt,India,Mint Chip Choco,22-Aug-22,"1,309",51,MON,AUG
Andria Kimpton,UK,99% Dark & Pure,25-Jul-22,"1,155",66,MON,JUL
Marney O'Breen,UK,50% Dark Bites,14-Jun-22,"2,989",124,TUE,JUN
Ches Bonnell,India,Choco Coated Almonds,05-Apr-22,"9,625",78,TUE,APR
Madelene Upcott,UK,Raspberry Choco,26-Aug-22,"7,357",341,FRI,AUG
Wilone O'Kielt,Australia,50% Dark Bites,03-Aug-22,"10,031",114,WED,AUG
Gigi Bohling,Canada,White Choc,11-Jul-22,"6,587",4,MON,JUL
Wilone O'Kielt,New Zealand,Eclairs,11-Mar-22,"3,311",22,FRI,MAR
Brien Boise,UK,Peanut Butter Cubes,10-Jan-22,"15,330",30,MON,JAN
Roddy Speechley,UK,Baker's Choco Chips,04-Apr-22,"14,028",351,MON,APR
Karlen McCaffrey,Australia,50% Dark Bites,17-Jan-22,"6,678",708,MON,JAN
Marney O'Breen,New Zealand,Organic Choco Syrup,08-Jul-22,"8,624",50,FRI,JUL
Jan Morforth,UK,Organic Choco Syrup,12-Apr-22,"1,197",356,TUE,APR
Rafaelita Blaksland,Canada,Fruit & Nut Bars,24-Aug-22,483,185,WED,AUG
Ches Bonnell,UK,Choco Coated Almonds,07-Jun-22,"1,687",236,TUE,JUN
Gunar Cockshoot,Canada,Almond Choco,28-Jul-22,"1,309",30,THU,JUL
Husein Augar,USA,99% Dark & Pure,21-Feb-22,"9,534",111,MON,FEB
Dennison Crosswaite,Canada,Mint Chip Choco,08-Apr-22,"1,694",289,FRI,APR
Brien Boise,UK,Manuka Honey Choco,28-Jun-22,70,103,TUE,JUN
Van Tuxwell,UK,Baker's Choco Chips,24-Mar-22,"2,443",20,THU,MAR
Barr Faughny,Australia,Caramel Stuffed Bars,29-Jul-22,"2,933",55,FRI,JUL
Dennison Crosswaite,USA,Eclairs,25-May-22,"2,044",90,WED,MAY
Gigi Bohling,Australia,Raspberry Choco,30-Mar-22,"6,524",303,WED,MAR
Dennison Crosswaite,USA,Organic Choco Syrup,18-Jul-22,"12,656",126,MON,JUL
Beverie Moffet,Canada,Orange Choco,10-May-22,"8,722",109,TUE,MAY
Mallorie Waber,Australia,Choco Coated Almonds,18-Mar-22,"15,750",92,FRI,MAR
Ches Bonnell,India,Caramel Stuffed Bars,15-Jun-22,"6,839",56,WED,JUN
Van Tuxwell,Canada,50% Dark Bites,12-May-22,"13,685",58,THU,MAY
Kelci Walkden,New Zealand,Baker's Choco Chips,23-Jun-22,"2,912",110,THU,JUN
Beverie Moffet,India,Spicy Special Slims,21-Apr-22,"3,339",171,THU,APR
Gigi Bohling,Australia,Almond Choco,17-Aug-22,910,117,WED,AUG
Rafaelita Blaksland,New Zealand,Eclairs,07-Feb-22,"19,481",51,MON,FEB
Kelci Walkden,Canada,Smooth Sliky Salty,17-Mar-22,"8,099",118,THU,MAR
Jan Morforth,India,Baker's Choco Chips,01-Aug-22,"13,727",79,MON,AUG
Jehu Rudeforth,Australia,Milk Bars,18-Mar-22,"8,659",29,FRI,MAR
Gigi Bohling,Canada,Fruit & Nut Bars,14-Jun-22,"5,782",103,TUE,JUN
Beverie Moffet,UK,Eclairs,22-Apr-22,"8,463",155,FRI,APR
Marney O'Breen,New Zealand,Eclairs,18-Jan-22,"4,914",31,TUE,JAN
Husein Augar,Australia,99% Dark & Pure,26-Aug-22,"3,087",128,FRI,AUG
Gunar Cockshoot,New Zealand,Fruit & Nut Bars,10-Jun-22,"9,205",419,FRI,JUN
Curtice Advani,Canada,70% Dark Bites,31-Jan-22,"2,303",7,MON,JAN
Kelci Walkden,New Zealand,Manuka Honey Choco,08-Apr-22,"1,358",106,FRI,APR
Dotty Strutley,Australia,Baker's Choco Chips,07-Jun-22,"3,605",68,TUE,JUN
Barr Faughny,Australia,85% Dark Bars,10-Feb-22,"8,498",44,THU,FEB
Beverie Moffet,Australia,50% Dark Bites,16-May-22,700,457,MON,MAY
Gunar Cockshoot,India,Baker's Choco Chips,18-Mar-22,"2,191",524,FRI,MAR
Van Tuxwell,Australia,50% Dark Bites,13-Jul-22,644,137,WED,JUL
Oby Sorrel,USA,Manuka Honey Choco,25-Jul-22,"4,340",86,MON,JUL
Van Tuxwell,Canada,Choco Coated Almonds,19-Aug-22,"2,282",296,FRI,AUG
Karlen McCaffrey,Canada,70% Dark Bites,24-Jun-22,"7,714",597,FRI,JUN
Kelci Walkden,Canada,Fruit & Nut Bars,20-Jun-22,826,149,MON,JUN
Camilla Castle,India,99% Dark & Pure,02-Aug-22,203,207,TUE,AUG
Madelene Upcott,New Zealand,70% Dark Bites,22-Feb-22,"13,356",93,TUE,FEB
Mallorie Waber,New Zealand,Orange Choco,01-Feb-22,"6,510",23,TUE,FEB
Jan Morforth,Canada,70% Dark Bites,14-Feb-22,"5,894",305,MON,FEB
Kelci Walkden,Australia,Milk Bars,24-Feb-22,"7,910",125,THU,FEB
Dennison Crosswaite,India,Orange Choco,18-Mar-22,784,129,FRI,MAR
Husein Augar,UK,Eclairs,30-Aug-22,"1,750",252,TUE,AUG
Gigi Bohling,USA,Peanut Butter Cubes,09-May-22,280,75,MON,MAY
Wilone O'Kielt,USA,Smooth Sliky Salty,18-Jan-22,504,87,TUE,JAN
Curtice Advani,India,White Choc,04-Jul-22,"7,154",342,MON,JUL
Oby Sorrel,New Zealand,Spicy Special Slims,03-Jun-22,"1,617",13,FRI,JUN
Beverie Moffet,New Zealand,Peanut Butter Cubes,23-Feb-22,"10,822",30,WED,FEB
Dotty Strutley,New Zealand,99% Dark & Pure,09-May-22,"10,724",203,MON,MAY
Kelci Walkden,India,70% Dark Bites,06-Jun-22,"3,640",106,MON,JUN
Kelci Walkden,India,Drinking Coco,04-Jul-22,"7,532",234,MON,JUL
Brien Boise,New Zealand,Drinking Coco,06-Jun-22,"1,582",100,MON,JUN
Dotty Strutley,Australia,Almond Choco,13-May-22,"1,456",91,FRI,MAY
Wilone O'Kielt,New Zealand,Organic Choco Syrup,31-Jan-22,"2,016",277,MON,JAN
Ches Bonnell,New Zealand,Caramel Stuffed Bars,30-Jun-22,"7,588",42,THU,JUN
Barr Faughny,Canada,Manuka Honey Choco,25-Aug-22,"3,402",249,THU,AUG
Gigi Bohling,New Zealand,Smooth Sliky Salty,10-Jan-22,700,97,MON,JAN
Brien Boise,USA,Manuka Honey Choco,22-Aug-22,"1,904",8,MON,AUG
Roddy Speechley,New Zealand,85% Dark Bars,14-Apr-22,"4,844",275,THU,APR
Oby Sorrel,UK,Smooth Sliky Salty,31-May-22,"9,625",313,TUE,MAY
Oby Sorrel,UK,Raspberry Choco,08-Apr-22,"4,599",323,FRI,APR
Roddy Speechley,USA,Drinking Coco,21-Feb-22,"3,003",155,MON,FEB
Andria Kimpton,Australia,Manuka Honey Choco,30-Mar-22,"9,744",377,WED,MAR
Mallorie Waber,India,Raspberry Choco,02-Mar-22,"1,400",2,WED,MAR
Jehu Rudeforth,USA,Orange Choco,28-Jul-22,364,170,THU,JUL
Kaine Padly,New Zealand,70% Dark Bites,24-Mar-22,"7,231",38,THU,MAR
Curtice Advani,Australia,After Nines,11-Aug-22,63,105,THU,AUG
Husein Augar,UK,Almond Choco,17-May-22,"8,309",166,TUE,MAY
Kaine Padly,Canada,Choco Coated Almonds,18-May-22,"3,164",164,WED,MAY
Roddy Speechley,UK,Peanut Butter Cubes,17-Aug-22,"5,691",171,WED,AUG
Ches Bonnell,New Zealand,Eclairs,04-Apr-22,490,49,MON,APR
Brien Boise,India,85% Dark Bars,09-Aug-22,"18,032",205,TUE,AUG
Brien Boise,New Zealand,Organic Choco Syrup,17-Jan-22,637,313,MON,JAN
Andria Kimpton,Canada,White Choc,14-Feb-22,"4,067",29,MON,FEB
Gigi Bohling,New Zealand,Orange Choco,16-May-22,"8,204",307,MON,MAY
Ches Bonnell,Canada,Smooth Sliky Salty,16-Mar-22,"9,870",121,WED,MAR
Husein Augar,Canada,70% Dark Bites,31-Jan-22,"5,131",285,MON,JAN
Barr Faughny,Canada,Organic Choco Syrup,10-Mar-22,"1,141",205,THU,MAR
Oby Sorrel,UK,Organic Choco Syrup,30-Jun-22,"7,980",157,THU,JUN
Van Tuxwell,New Zealand,Eclairs,01-Mar-22,"5,229",182,TUE,MAR
Mallorie Waber,UK,Drinking Coco,27-May-22,"3,423",100,FRI,MAY
Oby Sorrel,UK,Milk Bars,11-Jul-22,"6,468",223,MON,JUL
Karlen McCaffrey,New Zealand,Mint Chip Choco,02-Mar-22,"4,326",61,WED,MAR
Jehu Rudeforth,USA,Raspberry Choco,04-Mar-22,"7,154",133,FRI,MAR
Kelci Walkden,UK,85% Dark Bars,23-Jun-22,"3,997",228,THU,JUN
Kelci Walkden,USA,Almond Choco,27-Jan-22,"5,180",233,THU,JAN
Marney O'Breen,Canada,Orange Choco,14-Jan-22,"2,723",425,FRI,JAN
Dennison Crosswaite,India,Fruit & Nut Bars,29-Jul-22,952,24,FRI,JUL
Brien Boise,Canada,Smooth Sliky Salty,13-May-22,"5,691",495,FRI,MAY
Barr Faughny,Canada,Baker's Choco Chips,03-Feb-22,"10,969",170,THU,FEB
Brien Boise,India,Smooth Sliky Salty,27-May-22,"5,964",26,FRI,MAY
Jan Morforth,Australia,Drinking Coco,18-Feb-22,"2,821",24,FRI,FEB
Brien Boise,India,Spicy Special Slims,28-Jan-22,"1,302",33,FRI,JAN
Van Tuxwell,UK,Eclairs,29-Jun-22,"5,474",109,WED,JUN
Wilone O'Kielt,India,Caramel Stuffed Bars,13-Jan-22,"4,179",276,THU,JAN
Jehu Rudeforth,UK,After Nines,27-Jun-22,"1,946",164,MON,JUN
Barr Faughny,Canada,White Choc,29-Mar-22,"4,291",1,TUE,MAR
Gunar Cockshoot,India,Organic Choco Syrup,03-Jun-22,"7,196",160,FRI,JUN
Mallorie Waber,Canada,Smooth Sliky Salty,21-Mar-22,"1,939",98,MON,MAR
Mallorie Waber,India,Eclairs,12-Apr-22,"10,437",46,TUE,APR
Rafaelita Blaksland,Australia,Raspberry Choco,19-Jan-22,"6,916",259,WED,JAN
Karlen McCaffrey,UK,50% Dark Bites,06-Apr-22,"3,647",310,WED,APR
Kaine Padly,Australia,50% Dark Bites,02-Aug-22,"8,995",78,TUE,AUG
Gigi Bohling,Australia,Eclairs,12-Apr-22,"7,252",136,TUE,APR
Oby Sorrel,India,Drinking Coco,21-Jul-22,"16,380",130,THU,JUL
Van Tuxwell,New Zealand,Baker's Choco Chips,22-Mar-22,"9,660",24,TUE,MAR
Husein Augar,India,Peanut Butter Cubes,09-May-22,"4,522",5,MON,MAY
Andria Kimpton,Australia,Baker's Choco Chips,09-Aug-22,329,109,TUE,AUG
Madelene Upcott,Canada,Choco Coated Almonds,20-Jul-22,"3,458",294,WED,JUL
Brien Boise,India,70% Dark Bites,14-Apr-22,"4,641",413,THU,APR
Jehu Rudeforth,Canada,White Choc,25-Jan-22,"4,627",136,TUE,JAN
Andria Kimpton,Australia,Almond Choco,25-Apr-22,"3,192",175,MON,APR
Dotty Strutley,Canada,After Nines,17-Jan-22,252,237,MON,JAN
Karlen McCaffrey,USA,Eclairs,15-Aug-22,868,125,MON,AUG
Karlen McCaffrey,Canada,Fruit & Nut Bars,02-Jun-22,210,16,THU,JUN
Gunar Cockshoot,USA,85% Dark Bars,30-Jun-22,"7,007",135,THU,JUN
Dotty Strutley,New Zealand,Raspberry Choco,10-Feb-22,"5,845",91,THU,FEB
Marney O'Breen,Canada,Caramel Stuffed Bars,23-Feb-22,"1,372",614,WED,FEB
Dennison Crosswaite,India,Organic Choco Syrup,27-Jan-22,"8,428",216,THU,JAN
Camilla Castle,UK,Mint Chip Choco,26-May-22,"4,977",317,THU,MAY
Brien Boise,USA,70% Dark Bites,14-Apr-22,"1,694",21,THU,APR
Madelene Upcott,Australia,99% Dark & Pure,01-Aug-22,"4,326",154,MON,AUG
Mallorie Waber,Australia,Eclairs,22-Aug-22,"9,527",222,MON,AUG
Marney O'Breen,India,99% Dark & Pure,22-Jul-22,"10,766",157,FRI,JUL
Husein Augar,USA,Fruit & Nut Bars,28-Apr-22,"1,288",27,THU,APR
Kelci Walkden,Australia,Almond Choco,30-May-22,"4,879",350,MON,MAY
Ches Bonnell,USA,Milk Bars,21-Jul-22,"2,408",157,THU,JUL
Jan Morforth,UK,Caramel Stuffed Bars,02-Aug-22,"3,094",468,TUE,AUG
Brien Boise,New Zealand,70% Dark Bites,15-Jun-22,"7,231",130,WED,JUN
Oby Sorrel,India,85% Dark Bars,05-Jul-22,"8,981",130,TUE,JUL
Kaine Padly,New Zealand,Smooth Sliky Salty,12-Apr-22,7,518,TUE,APR
Gigi Bohling,Australia,70% Dark Bites,18-Aug-22,"1,372",105,THU,AUG
Jan Morforth,UK,50% Dark Bites,12-Jan-22,"5,250",293,WED,JAN
Gunar Cockshoot,Canada,White Choc,11-Aug-22,"7,560",15,THU,AUG
Jehu Rudeforth,Australia,Spicy Special Slims,13-Jan-22,"5,012",384,THU,JAN
Husein Augar,UK,Baker's Choco Chips,29-Apr-22,"3,038",135,FRI,APR
Rafaelita Blaksland,New Zealand,After Nines,07-Jul-22,"1,099",92,THU,JUL
Madelene Upcott,New Zealand,Mint Chip Choco,11-Mar-22,"7,413",4,FRI,MAR
Madelene Upcott,UK,70% Dark Bites,16-Feb-22,"5,397",239,WED,FEB
Barr Faughny,Australia,Organic Choco Syrup,07-Jan-22,"2,303",33,FRI,JAN
Beverie Moffet,New Zealand,Drinking Coco,12-Jan-22,"1,141",518,WED,JAN
Beverie Moffet,India,Eclairs,09-Jun-22,"10,325",147,THU,JUN
Andria Kimpton,India,Eclairs,16-May-22,"2,149",84,MON,MAY
Gigi Bohling,UK,85% Dark Bars,23-Jun-22,"12,362",94,THU,JUN
Roddy Speechley,UK,Raspberry Choco,28-Jan-22,"12,635",194,FRI,JAN
Dotty Strutley,UK,Mint Chip Choco,14-Jul-22,"2,443",216,THU,JUL
Barr Faughny,Canada,Drinking Coco,18-Apr-22,"6,237",247,MON,APR
Oby Sorrel,USA,Milk Bars,14-Jun-22,"1,736",79,TUE,JUN
Oby Sorrel,UK,Orange Choco,15-Apr-22,"7,315",237,FRI,APR
Curtice Advani,Canada,Peanut Butter Cubes,19-May-22,"4,935",63,THU,MAY
Gigi Bohling,India,White Choc,13-Apr-22,"1,393",172,WED,APR
Husein Augar,Canada,Choco Coated Almonds,15-Aug-22,"3,381",408,MON,AUG
Wilone O'Kielt,India,Choco Coated Almonds,22-Aug-22,"2,933",233,MON,AUG
Wilone O'Kielt,New Zealand,Baker's Choco Chips,22-Apr-22,"3,836",59,FRI,APR
Kaine Padly,UK,Choco Coated Almonds,03-Aug-22,"8,022",123,WED,AUG
Dennison Crosswaite,New Zealand,Organic Choco Syrup,04-Jan-22,371,229,TUE,JAN
Kelci Walkden,Canada,After Nines,13-Jan-22,"16,702",198,THU,JAN
Van Tuxwell,Australia,Baker's Choco Chips,11-May-22,"13,258",32,WED,MAY
Husein Augar,New Zealand,Peanut Butter Cubes,16-Feb-22,"2,058",236,WED,FEB
Kaine Padly,UK,Caramel Stuffed Bars,20-May-22,"10,192",67,FRI,MAY
Jehu Rudeforth,UK,Drinking Coco,03-Feb-22,"7,140",438,THU,FEB
Beverie Moffet,India,Manuka Honey Choco,06-May-22,"9,835",167,FRI,MAY
Gunar Cockshoot,UK,Choco Coated Almonds,30-Jun-22,"5,775",135,THU,JUN
Gunar Cockshoot,UK,Smooth Sliky Salty,22-Mar-22,749,148,TUE,MAR
Camilla Castle,Canada,Orange Choco,17-Feb-22,"7,770",54,THU,FEB
Jehu Rudeforth,UK,85% Dark Bars,07-Jul-22,"5,502",64,THU,JUL
Oby Sorrel,UK,70% Dark Bites,16-Mar-22,"6,223",181,WED,MAR
Kelci Walkden,UK,99% Dark & Pure,12-Aug-22,"3,507",114,FRI,AUG
Gigi Bohling,New Zealand,After Nines,21-Jan-22,"5,600",181,FRI,JAN
Oby Sorrel,Australia,50% Dark Bites,06-May-22,721,151,FRI,MAY
Oby Sorrel,Canada,50% Dark Bites,24-Jun-22,"6,615",137,FRI,JUN
Barr Faughny,USA,White Choc,05-May-22,"7,420",163,THU,MAY
Rafaelita Blaksland,New Zealand,99% Dark & Pure,25-Mar-22,"3,164",84,FRI,MAR
Curtice Advani,Australia,Caramel Stuffed Bars,14-Feb-22,"9,114",140,MON,FEB
Curtice Advani,New Zealand,85% Dark Bars,12-May-22,"5,404",187,THU,MAY
Barr Faughny,New Zealand,Smooth Sliky Salty,25-Jan-22,"3,990",169,TUE,JAN
Ches Bonnell,UK,85% Dark Bars,28-Jun-22,"14,924",12,TUE,JUN
Dennison Crosswaite,Australia,Drinking Coco,13-Jul-22,"7,091",194,WED,JUL
Roddy Speechley,USA,Milk Bars,16-May-22,"2,807",252,MON,MAY
Jan Morforth,India,After Nines,14-Mar-22,"6,496",168,MON,MAR
Gunar Cockshoot,USA,After Nines,15-Aug-22,"3,738",261,MON,AUG
Ches Bonnell,India,Orange Choco,16-Feb-22,"1,190",256,WED,FEB
Mallorie Waber,UK,Manuka Honey Choco,15-Jun-22,"8,379",43,WED,JUN
Barr Faughny,Australia,Raspberry Choco,27-May-22,"9,268",100,FRI,MAY
Wilone O'Kielt,USA,Drinking Coco,14-Jun-22,"1,029",98,TUE,JUN
Wilone O'Kielt,India,Eclairs,25-Feb-22,"3,549",76,FRI,FEB
Wilone O'Kielt,India,After Nines,04-Aug-22,"12,026",262,THU,AUG
Kelci Walkden,India,99% Dark & Pure,28-Jun-22,"2,303",244,TUE,JUN
Gunar Cockshoot,Canada,Spicy Special Slims,05-Apr-22,"13,405",12,TUE,APR
Madelene Upcott,Canada,Peanut Butter Cubes,05-Jul-22,"14,763",113,TUE,JUL
Kaine Padly,New Zealand,Eclairs,20-Jan-22,"12,894",48,THU,JAN
Ches Bonnell,New Zealand,Drinking Coco,16-Feb-22,"8,302",131,WED,FEB
Curtice Advani,UK,Drinking Coco,12-Jul-22,455,174,TUE,JUL
Kelci Walkden,India,Raspberry Choco,16-Jun-22,"8,183",254,THU,JUN
Dotty Strutley,Australia,Choco Coated Almonds,13-Apr-22,"1,645",284,WED,APR
Kaine Padly,UK,50% Dark Bites,21-Feb-22,"3,143",67,MON,FEB
Roddy Speechley,Canada,Choco Coated Almonds,11-May-22,"5,873",249,WED,MAY
Ches Bonnell,India,50% Dark Bites,15-Apr-22,"11,298",313,FRI,APR
Oby Sorrel,Canada,Peanut Butter Cubes,07-Jun-22,"12,425",167,TUE,JUN
Oby Sorrel,UK,White Choc,27-Jun-22,"1,715",286,MON,JUN
Barr Faughny,India,After Nines,29-Jul-22,"8,190",109,FRI,JUL
Wilone O'Kielt,Canada,Smooth Sliky Salty,02-Jun-22,"4,991",166,THU,JUN
Rafaelita Blaksland,India,Mint Chip Choco,26-Jan-22,"15,491",85,WED,JAN
Rafaelita Blaksland,Canada,99% Dark & Pure,02-Mar-22,"5,096",142,WED,MAR
Van Tuxwell,Australia,70% Dark Bites,10-Jan-22,"7,063",104,MON,JAN
Beverie Moffet,USA,70% Dark Bites,27-Jun-22,"2,275",115,MON,JUN
Barr Faughny,Canada,Orange Choco,30-Jun-22,"7,602",18,THU,JUN
Roddy Speechley,Australia,85% Dark Bars,08-Jul-22,"4,200",80,FRI,JUL
Oby Sorrel,India,Spicy Special Slims,08-Jun-22,"11,137",88,WED,JUN
Jan Morforth,UK,Manuka Honey Choco,18-Aug-22,"3,388",212,THU,AUG
Kaine Padly,Australia,After Nines,08-Apr-22,"6,832",306,FRI,APR
Wilone O'Kielt,Canada,Fruit & Nut Bars,08-Aug-22,"3,437",181,MON,AUG
Wilone O'Kielt,UK,Milk Bars,26-Aug-22,301,65,FRI,AUG
Oby Sorrel,Canada,Fruit & Nut Bars,14-Jan-22,"1,869",158,FRI,JAN
Dennison Crosswaite,USA,Baker's Choco Chips,11-Aug-22,"17,465",271,THU,AUG
Madelene Upcott,USA,Almond Choco,31-May-22,"10,143",24,TUE,MAY
Van Tuxwell,New Zealand,50% Dark Bites,11-Jul-22,"3,626",10,MON,JUL
Karlen McCaffrey,Canada,Caramel Stuffed Bars,02-Mar-22,"3,346",304,WED,MAR
Madelene Upcott,Australia,Raspberry Choco,13-Jul-22,"6,321",88,WED,JUL
Rafaelita Blaksland,UK,Spicy Special Slims,03-Aug-22,"9,345",133,WED,AUG
Curtice Advani,UK,Peanut Butter Cubes,01-Mar-22,"15,008",165,TUE,MAR
Kelci Walkden,New Zealand,White Choc,13-Apr-22,"7,609",150,WED,APR
Beverie Moffet,Canada,Fruit & Nut Bars,14-Feb-22,"10,332",180,MON,FEB
Mallorie Waber,India,White Choc,26-Jul-22,819,213,TUE,JUL
Brien Boise,UK,Drinking Coco,27-Jan-22,"5,754",133,THU,JAN
Jehu Rudeforth,India,Peanut Butter Cubes,14-Apr-22,28,446,THU,APR
Oby Sorrel,USA,Almond Choco,19-May-22,"6,440",141,THU,MAY
Husein Augar,India,Eclairs,09-Feb-22,"4,956",58,WED,FEB
Brien Boise,UK,Spicy Special Slims,25-May-22,"2,352",58,WED,MAY
Oby Sorrel,Australia,Manuka Honey Choco,26-Jan-22,"3,906",76,WED,JAN
Beverie Moffet,India,White Choc,04-Jul-22,"1,813",296,MON,JUL
Ches Bonnell,India,Almond Choco,13-Apr-22,"11,788",73,WED,APR
Gigi Bohling,Australia,Smooth Sliky Salty,25-Jan-22,"5,768",119,TUE,JAN
Camilla Castle,USA,85% Dark Bars,25-Apr-22,"2,401",78,MON,APR
Camilla Castle,USA,Eclairs,10-Jun-22,"4,515",392,FRI,JUN
Madelene Upcott,New Zealand,White Choc,22-Aug-22,"10,794",51,MON,AUG
Van Tuxwell,India,After Nines,27-Jun-22,"13,706",207,MON,JUN
Husein Augar,India,Orange Choco,30-Jun-22,"4,361",40,THU,JUN
Jehu Rudeforth,India,Almond Choco,30-Aug-22,"10,122",100,TUE,AUG
Karlen McCaffrey,Australia,Raspberry Choco,23-Aug-22,994,57,TUE,AUG
Camilla Castle,New Zealand,99% Dark & Pure,26-Aug-22,"2,268",42,FRI,AUG
Gigi Bohling,Australia,Orange Choco,09-Mar-22,574,156,WED,MAR
Kelci Walkden,UK,Drinking Coco,20-Apr-22,"1,792",23,WED,APR
Mallorie Waber,Canada,Caramel Stuffed Bars,10-Jun-22,"4,844",539,FRI,JUN
Husein Augar,Australia,Organic Choco Syrup,08-Feb-22,938,158,TUE,FEB
Brien Boise,Australia,White Choc,25-Aug-22,"4,879",22,THU,AUG
Dotty Strutley,India,Peanut Butter Cubes,16-Feb-22,"9,107",73,WED,FEB
Dennison Crosswaite,UK,99% Dark & Pure,30-May-22,"12,187",27,MON,MAY
Gigi Bohling,New Zealand,50% Dark Bites,29-Jun-22,"5,670",64,WED,JUN
Gigi Bohling,USA,Milk Bars,16-Jun-22,476,133,THU,JUN
Brien Boise,UK,Caramel Stuffed Bars,04-Mar-22,"2,681",149,FRI,MAR
Curtice Advani,New Zealand,Peanut Butter Cubes,15-Mar-22,"1,533",434,TUE,MAR
Curtice Advani,New Zealand,50% Dark Bites,27-Jan-22,"9,765",85,THU,JAN
Beverie Moffet,Canada,Drinking Coco,05-Jul-22,994,118,TUE,JUL
Barr Faughny,USA,Caramel Stuffed Bars,29-Mar-22,"3,318",299,TUE,MAR
Mallorie Waber,Canada,Almond Choco,12-May-22,"4,214",35,THU,MAY
Oby Sorrel,USA,Drinking Coco,11-Mar-22,"7,714",44,FRI,MAR
Brien Boise,New Zealand,Eclairs,11-Jul-22,"4,690",299,MON,JUL
Gunar Cockshoot,New Zealand,Choco Coated Almonds,01-Aug-22,"13,062",62,MON,AUG
Gunar Cockshoot,UK,Spicy Special Slims,16-Feb-22,"12,488",200,WED,FEB
Curtice Advani,USA,After Nines,13-Apr-22,"14,147",235,WED,APR
Oby Sorrel,India,Choco Coated Almonds,14-Feb-22,49,363,MON,FEB
Ches Bonnell,Australia,Peanut Butter Cubes,14-Mar-22,"10,199",68,MON,MAR
Oby Sorrel,Australia,Spicy Special Slims,26-Apr-22,"11,389",26,TUE,APR
Jehu Rudeforth,Canada,Manuka Honey Choco,05-Apr-22,"3,584",200,TUE,APR
Camilla Castle,Canada,Drinking Coco,03-Mar-22,"12,481",264,THU,MAR
Kaine Padly,USA,Spicy Special Slims,13-Jun-22,"2,107",175,MON,JUN
Marney O'Breen,New Zealand,70% Dark Bites,14-Feb-22,"8,603",352,MON,FEB
Roddy Speechley,New Zealand,99% Dark & Pure,18-Apr-22,"7,483",183,MON,APR
Oby Sorrel,New Zealand,85% Dark Bars,01-Feb-22,"3,381",417,TUE,FEB
Dotty Strutley,New Zealand,Orange Choco,04-Aug-22,"2,030",146,THU,AUG
Andria Kimpton,New Zealand,Almond Choco,05-Apr-22,"6,559",158,TUE,APR
Karlen McCaffrey,Australia,99% Dark & Pure,26-Jan-22,"10,822",168,WED,JAN
Kaine Padly,UK,After Nines,21-Jan-22,"18,697",176,FRI,JAN
Kaine Padly,Canada,After Nines,22-Aug-22,"5,845",172,MON,AUG
Kaine Padly,UK,Drinking Coco,27-Jan-22,"2,317",224,THU,JAN
Rafaelita Blaksland,UK,50% Dark Bites,16-Feb-22,"10,150",68,WED,FEB
Dotty Strutley,USA,Raspberry Choco,03-Jan-22,"3,437",46,MON,JAN
Karlen McCaffrey,USA,White Choc,24-Aug-22,"4,592",2,WED,AUG
Oby Sorrel,USA,Spicy Special Slims,07-Feb-22,"5,691",417,MON,FEB
Mallorie Waber,Australia,Smooth Sliky Salty,11-Feb-22,"4,158",109,FRI,FEB
Kaine Padly,Canada,Organic Choco Syrup,29-Mar-22,"5,684",81,TUE,MAR
Marney O'Breen,USA,Peanut Butter Cubes,15-Jun-22,693,350,WED,JUN
Dennison Crosswaite,UK,Smooth Sliky Salty,26-Apr-22,546,142,TUE,APR
Brien Boise,Australia,Organic Choco Syrup,15-Jul-22,"4,263",264,FRI,JUL
Beverie Moffet,India,Organic Choco Syrup,23-Jun-22,"1,036",20,THU,JUN
Dennison Crosswaite,Australia,Baker's Choco Chips,11-Jan-22,"13,846",421,TUE,JAN
Beverie Moffet,UK,50% Dark Bites,09-Feb-22,"2,499",271,WED,FEB
Van Tuxwell,UK,Almond Choco,06-Jun-22,"10,689",204,MON,JUN
Dotty Strutley,UK,Caramel Stuffed Bars,10-Aug-22,"5,768",235,WED,AUG
Wilone O'Kielt,Australia,Smooth Sliky Salty,04-Jan-22,"2,226",46,TUE,JAN
Andria Kimpton,Canada,70% Dark Bites,08-Apr-22,"10,262",15,FRI,APR
Barr Faughny,UK,Milk Bars,02-Mar-22,"3,864",430,WED,MAR
Van Tuxwell,Canada,Drinking Coco,15-Jun-22,"4,900",709,WED,JUN
Jehu Rudeforth,Australia,After Nines,14-Feb-22,"5,250",47,MON,FEB
Husein Augar,UK,After Nines,05-Jul-22,"3,507",380,TUE,JUL
Barr Faughny,India,Mint Chip Choco,12-Jan-22,"7,413",465,WED,JAN
Curtice Advani,India,Mint Chip Choco,03-Mar-22,"8,155",96,THU,MAR
Jehu Rudeforth,New Zealand,Milk Bars,18-May-22,"2,478",188,WED,MAY
Gunar Cockshoot,India,Caramel Stuffed Bars,28-Jul-22,"2,471",202,THU,JUL
Curtice Advani,UK,Manuka Honey Choco,07-Feb-22,"1,666",106,MON,FEB
Andria Kimpton,India,Orange Choco,30-May-22,301,421,MON,MAY
Mallorie Waber,Australia,Raspberry Choco,25-Apr-22,"8,400",27,MON,APR
Beverie Moffet,Canada,85% Dark Bars,16-Feb-22,"6,139",45,WED,FEB
Kelci Walkden,Australia,Drinking Coco,04-May-22,"1,288",60,WED,MAY
Van Tuxwell,Canada,70% Dark Bites,02-Jun-22,"7,077",77,THU,JUN
Dennison Crosswaite,USA,Caramel Stuffed Bars,11-Jul-22,"2,317",464,MON,JUL
Beverie Moffet,New Zealand,Spicy Special Slims,07-Jun-22,63,60,TUE,JUN
Jan Morforth,UK,Almond Choco,06-Jul-22,"9,744",157,WED,JUL
Husein Augar,India,Raspberry Choco,15-Jun-22,"9,954",154,WED,JUN
Dotty Strutley,India,Mint Chip Choco,14-Apr-22,"1,260",239,THU,APR
Camilla Castle,India,Drinking Coco,08-Aug-22,469,163,MON,AUG
Marney O'Breen,UK,Drinking Coco,29-Mar-22,973,28,TUE,MAR
Roddy Speechley,Australia,Organic Choco Syrup,04-Jul-22,"3,647",76,MON,JUL
Ches Bonnell,India,99% Dark & Pure,16-Feb-22,455,96,WED,FEB
Rafaelita Blaksland,Canada,Spicy Special Slims,02-May-22,"2,520",156,MON,MAY
Van Tuxwell,India,Eclairs,21-Jul-22,"10,500",106,THU,JUL
Gunar Cockshoot,Australia,99% Dark & Pure,18-Aug-22,"7,952",235,THU,AUG
Kaine Padly,USA,85% Dark Bars,22-Jun-22,483,259,WED,JUN
Camilla Castle,UK,Peanut Butter Cubes,19-Jul-22,"4,872",126,TUE,JUL
Madelene Upcott,UK,Peanut Butter Cubes,12-Aug-22,"7,756",85,FRI,AUG
Madelene Upcott,USA,Choco Coated Almonds,07-Jun-22,"5,446",132,TUE,JUN
Marney O'Breen,Canada,Peanut Butter Cubes,08-Mar-22,"6,594",91,TUE,MAR
Ches Bonnell,Australia,Choco Coated Almonds,08-Apr-22,"1,470",167,FRI,APR
Curtice Advani,Canada,Eclairs,06-May-22,721,203,FRI,MAY
Roddy Speechley,India,Drinking Coco,31-May-22,"4,494",11,TUE,MAY
Van Tuxwell,Australia,Mint Chip Choco,13-Jan-22,"2,674",295,THU,JAN
Dennison Crosswaite,USA,70% Dark Bites,15-Mar-22,658,77,TUE,MAR
Andria Kimpton,Canada,Peanut Butter Cubes,16-Feb-22,"1,127",319,WED,FEB
Gigi Bohling,USA,70% Dark Bites,14-Jan-22,"7,364",196,FRI,JAN
Rafaelita Blaksland,Australia,White Choc,21-Mar-22,"6,818",102,MON,MAR
Roddy Speechley,Canada,Drinking Coco,17-May-22,"6,776",312,TUE,MAY
Camilla Castle,New Zealand,85% Dark Bars,08-Aug-22,"15,099",55,MON,AUG
Madelene Upcott,Canada,Milk Bars,26-Apr-22,"3,612",82,TUE,APR
Madelene Upcott,Australia,70% Dark Bites,15-Apr-22,"3,710",260,FRI,APR
Oby Sorrel,Canada,Eclairs,19-May-22,"6,111",591,THU,MAY
Dennison Crosswaite,Canada,Drinking Coco,10-Jan-22,"2,702",24,MON,JAN
Mallorie Waber,New Zealand,After Nines,04-May-22,483,228,WED,MAY
Roddy Speechley,Canada,White Choc,05-Apr-22,"5,887",268,TUE,APR
Andria Kimpton,India,After Nines,17-Jan-22,952,68,MON,JAN
Roddy Speechley,India,Spicy Special Slims,22-Mar-22,"10,647",173,TUE,MAR
Dotty Strutley,Australia,White Choc,05-Jul-22,"6,055",93,TUE,JUL
Oby Sorrel,Canada,Orange Choco,27-Apr-22,"8,757",338,WED,APR
Kaine Padly,Canada,Almond Choco,12-Aug-22,"6,055",73,FRI,AUG
Jan Morforth,UK,Baker's Choco Chips,11-Mar-22,721,251,FRI,MAR
Jehu Rudeforth,UK,Fruit & Nut Bars,13-May-22,"8,589",229,FRI,MAY
Dennison Crosswaite,USA,Smooth Sliky Salty,12-May-22,"11,781",91,THU,MAY
Brien Boise,USA,Raspberry Choco,12-Jan-22,672,194,WED,JAN
Madelene Upcott,New Zealand,Milk Bars,29-Mar-22,"12,558",403,TUE,MAR
Roddy Speechley,India,50% Dark Bites,14-Mar-22,"8,337",12,MON,MAR
Barr Faughny,New Zealand,99% Dark & Pure,24-May-22,"8,134",195,TUE,MAY
Dennison Crosswaite,Canada,Organic Choco Syrup,28-Jan-22,"8,491",75,FRI,JAN
Beverie Moffet,India,Almond Choco,24-May-22,"3,066",96,TUE,MAY
Brien Boise,Australia,Peanut Butter Cubes,19-Aug-22,301,205,FRI,AUG
Karlen McCaffrey,Australia,Spicy Special Slims,17-May-22,"4,410",323,TUE,MAY
Jehu Rudeforth,USA,White Choc,07-Jun-22,"6,559",119,TUE,JUN
Ches Bonnell,Canada,Organic Choco Syrup,26-Jul-22,574,217,TUE,JUL
Dotty Strutley,India,Eclairs,28-Jul-22,"2,086",384,THU,JUL
Karlen McCaffrey,India,70% Dark Bites,23-May-22,"5,075",344,MON,MAY
